"CN2015","CN2016"
"06022090","06022020"
"06022090","06022030"
"06022090","06022080"
"06029049","06029046"
"06029049","06029047"
"06029049","06029048"
"06031980","06031920"
"06031980","06031970"
"22029010","22029011"
"22029010","22029015"
"22029010","22029019"
"28053090","28053020"
"28053090","28053030"
"28053090","28053040"
"28053090","28053080"
"28469000","28469010"
"28469000","28469020"
"28469000","28469030"
"28469000","28469090"
"29031910","29031900"
"29031980","29031900"
"29033990","29033921"
"29033990","29033923"
"29033990","29033924"
"29033990","29033925"
"29033990","29033926"
"29033990","29033927"
"29033990","29033928"
"29033990","29033929"
"29033990","29033931"
"29033990","29033935"
"29033990","29033939"
"29033990","29033980"
"29037710","29037760"
"29037720","29037760"
"29037730","29037760"
"29037740","29037760"
"29037750","29037760"
"29037911","29037930"
"29037919","29037930"
"29037921","29037930"
"29037929","29037930"
"29037990","29037930"
"29037990","29037980"
"29053925","29053926"
"29053925","29053928"
"29171990","29171920"
"29171990","29171980"
"34031990","34031920"
"34031990","34031980"
"38247800","38247810"
"38247800","38247820"
"38247800","38247830"
"38247800","38247840"
"38247800","38247880"
"38247800","38247890"
"69120010","69120021"
"69120010","69120081"
"69120030","69120023"
"69120030","69120083"
"69120050","69120025"
"69120050","69120085"
"69120090","69120029"
"69120090","69120089"
