PCC_2007,PCC_2008
,100000Z1
,100000Z2
,100000Z3
,16103900
,18111000
,18121100
,18121230
,18121250
,18121300
,18121407
,18121414
,18121421
,18121428
,18121435
,18121442
,18121449
,18121456
,18121463
,18121910
,18121920
,18121930
,18121990
,269900Z0
,299900Z0
13101030,07101000
13101050,07101000
13201100,07291100
13201200,07291200
13201300,07291300
13201400,07291400
13201530,07291500
13201550,07291500
13201570,07291500
13201630,07291900
13201650,07291900
13201690,07291900
14111133,08111133
14111135,08111136
14111137,08111136
14111150,08111150
14111233,08111233
14111235,08111236
14111237,08111236
14111250,08111250
14111290,08111290
14121030,08112030
14121050,08112050
14122010,08113010
14122030,08113030
14122050,23523030
14122070,23523050
14131000,08114000
14211150,08121150
14211190,08121190
14211210,08121210
14211230,08121230
14211250,08121250
14211290,08121290
14211330,08121300
14211350,23991320
14221140,08122140
14221160,08122160
14221210,08122210
14221230,08122230
14221250,08122250
14301130,08911100
14301230,08911200
14301250,08911200
14301313,08911900
14301315,08911900
14301355,08911900
14301359,08911900
14301373,08911900
14301375,08911900
14301383,08911900
14301389,08911900
14401000,08931000
14401000,10843000
14501000,08991000
14502150,08992100
14502190,08992100
14502250,08992200
14502270,08992200
14502313,08992900
14502315,08111290
14502315,08992900
14502320,08992900
14502333,08992900
14502335,08992900
14502340,08992900
14502353,08992900
14502355,08992900
14502363,08992900
14502365,08992900
14502370,08992900
14502380,08992900
15111140,10111140
15111190,10111190
15111200,10113100
15111330,10111230
15111350,10111250
15111390,10111290
15111430,10113230
15111450,10113250
15111490,10113290
15111500,10111300
15111600,10113300
15111700,10111400
15111700,10113400
15111800,10111500
15111800,10113500
15111900,10112000
15111900,10113910
15112100,10114100
15112400,10114200
15112500,10114300
15112600,10114400
15112700,10114500
15113040,10115040
15113060,10115060
15113070,10115070
15114030,10116030
15114090,10116090
15121113,10121010
15121115,10121020
15121117,10121030
15121130,10121040
15121153,10121050
15121155,10121060
15121157,10121070
15121170,10124020
15121213,10122013
15121215,10122015
15121217,10122017
15121253,10122053
15121255,10122055
15121257,10122057
15121271,10124050
15121275,10122080
15121300,10113930
15121400,10123000
15131110,10131120
15131130,10131150
15131150,10131180
15131170,10131200
15131190,10131300
15131213,10131430
15131213,10851100
15131215,10131460
15131215,10851100
15131223,10131505
15131223,10851100
15131225,10131515
15131225,10851100
15131233,10131525
15131233,10851100
15131235,10131535
15131235,10851100
15131243,10131545
15131243,10851100
15131245,10131555
15131245,10851100
15131253,10131565
15131253,10851100
15131259,10131575
15131259,10851100
15131260,10131585
15131260,10851100
15131270,10891400
15131290,10131595
15131290,10851100
15131300,10131600
15139000,10139100
15201130,10201200
15201190,10201100
15201210,10201330
15201230,10201360
15201250,10201600
15201270,10201400
15201290,10201500
15201310,10202200
15201330,10202100
15201353,10202420
15201355,10202450
15201359,10202480
15201370,10202300
15201411,10202510
15201411,10851200
15201412,10202520
15201412,10851200
15201413,10202530
15201413,10851200
15201414,10202540
15201414,10851200
15201415,10202550
15201415,10851200
15201416,10202560
15201416,10851200
15201417,10202570
15201417,10851200
15201419,10202580
15201419,10851200
15201430,10202590
15201430,10851200
15201451,10202630
15201459,10202660
15201530,10203100
15201553,10203200
15201559,10203200
15201559,10203300
15201600,10203400
15201600,10851200
15201700,10204100
15201800,10204200
15311100,10311110
15311210,10311200
15311230,10311300
15311250,10311130
15311270,10311430
15311290,10311460
15321013,10321210
15321015,10321220
15321021,10321300
15321022,10321910
15321023,10321400
15321024,10321100
15321025,10321500
15321026,10321600
15321029,10321920
15321030,10321700
15321040,10321230
15321040,10321300
15321040,10321400
15321040,10321500
15321040,10321600
15321040,10321700
15321040,10321930
15331100,10391100
15331200,10391200
15331330,10391330
15331350,10391350
15331390,10391390
15331423,10391710
15331423,10851300
15331425,10391721
15331427,10391725
15331430,10391730
15331430,10851300
15331440,10391740
15331440,10851300
15331461,10391750
15331461,10851300
15331462,10391600
15331462,10851300
15331463,10391500
15331463,10851300
15331464,10391500
15331464,10851300
15331465,10391760
15331465,10851300
15331466,10391770
15331466,10851300
15331467,10391780
15331467,10851300
15331490,10391790
15331490,10851300
15331500,10391800
15332100,10392100
15332230,10392230
15332290,10392290
15332330,10392330
15332390,10392390
15332400,10392430
15332510,10392510
15332520,10392520
15332530,10392410
15332550,
15332550,10392550
15333000,10393000
15339000,10399100
15411130,10411100
15411150,10411200
15411190,10411900
15411210,10412100
15411220,10412200
15411230,10412310
15411240,10412400
15411250,10412500
15411260,10412600
15411310,10412700
15411330,10412800
15411350,10412900
15411370,10412900
15412000,10413000
15413130,10414130
15413150,10414150
15413170,10414170
15413190,10414190
15413200,10414200
15421110,10415100
15421120,10415200
15421131,10415310
15421139,10412330
15421139,10415330
15421140,10415400
15421150,10415500
15421160,10415600
15421170,10412900
15421170,10415900
15421210,10415700
15421220,10415800
15421230,10415900
15421240,10415900
15421250,10415900
15421280,10412900
15421280,10415900
15421330,10416030
15421350,10416050
15422030,10417100
15422050,10417200
15431030,10421030
15431050,10421050
15511133,10511133
15511137,10511137
15511142,10511142
15511148,10511148
15511210,10511210
15511220,10511220
15511230,10511230
15511240,10511240
15512033,10512130
15512037,10512160
15512063,10512230
15512067,10512260
15513030,10513030
15513050,10513050
15513070,10513070
15514030,10514030
15514050,10514050
15514070,10514070
15515104,10515104
15515108,10515108
15515241,10515241
15515245,10515245
15515263,10515263
15515265,10515265
15515300,10515300
15515400,10515400
15515533,10515530
15515540,10515560
15515590,10515600
15521000,10521000
15611000,10611100
15612100,10612100
15612200,10612200
15612300,10612300
15612400,10612400
15613133,10613133
15613135,10613135
15613230,10613230
15613240,10613240
15613250,10613250
15613333,10613333
15613335,10613335
15613351,10613351
15613353,10613353
15613355,10613355
15614030,10611230
15614050,10611250
15615010,10614010
15615030,10614030
15615050,10614050
15615090,10614090
15621030,10621430
15621050,10621460
15622110,10621310
15622120,10621320
15622130,10621330
15622140,10891910
15622150,10891910
15622190,10621390
15622211,10621111
15622213,10621113
15622215,10621115
15622219,10621119
15622230,10621130
15622250,10621150
15622270,10621170
15622300,10621200
15623000,10622000
157010Z3,109010Z0
15711010,10911010
15711033,10911033
15711035,10911035
15711037,10911037
15711039,10911039
15721030,10921030
15721060,10921060
15811100,10711100
15811200,10711200
15821130,10721130
15821150,10721150
15821230,10721230
15821253,10721253
15821255,10721255
15821259,10721259
15821310,10721910
15821320,10721920
15821330,10721257
15821340,10721940
15821350,10721950
15821390,10721990
15831100,10811100
15831230,10811230
15831290,10811290
15831330,10811300
15831350,10811300
15831430,10811430
15831450,10811450
15832000,10812000
15841100,10821100
15841200,10821200
15841300,10821300
15841400,10821400
15842133,10822130
15842135,10822130
15842137,10822130
15842150,10822150
15842170,10822170
15842190,10822190
15842233,10822233
15842235,10822235
15842239,10822239
15842243,10822243
15842245,10822245
15842253,10822253
15842255,10822255
15842260,10822260
15842270,10822270
15842280,10822280
15842290,10822290
15842310,10822310
15842320,10822320
15842330,10822330
15842353,10822353
15842355,10822355
15842363,10822363
15842365,10822365
15842373,10822373
15842375,10822375
15842383,10822383
15842390,10822390
15842400,10822400
15851130,10731130
15851150,10731150
15851233,10851410
15851235,10851430
15851250,10731200
15861130,10831130
15861150,10831150
15861170,10831170
15861210,10831210
15861230,10831240
15861250,10831240
15861270,10831270
15861300,10831300
15861400,10831400
15871130,10841130
15871190,10841190
15871210,10841210
15871230,10841230
15871253,10841253
15871255,10841255
15871270,10841270
15881010,10861010
15881030,10861030
15881050,10861050
15881060,10861060
15881070,10861070
15891100,10891100
15891230,10891230
15891250,10891250
15891333,10891334
15891335,10891334
15891339,10891339
15891350,10891350
15891370,10891370
15891431,10891925
15891439,10891930
15891491,10891935
15891499,10851900
15891499,10891935
15891499,10891940
15911020,11011020
15911030,11011030
15911040,11011040
15911050,11011050
15911063,11011063
15911065,11011065
15911070,11011070
15911080,11011080
15921100,20147400
15921200,20147500
15931130,11021130
15931193,11021193
15931195,11021195
15931211,11021211
15931213,11021213
15931215,11021215
15931217,11021217
15931219,11021219
15931230,11021230
15931253,11021250
15931259,11021250
15941000,11031000
15951000,11041000
15961000,11051000
15962000,11052000
15971030,11061030
15971050,11061050
15981130,11071130
15981150,11071150
15981230,11071930
15981250,11071950
15981270,11071970
16001130,12001130
16001150,12001150
16001170,12001170
16001230,12001930
16001290,12001990
17101000,13101000
17102011,13102100
17102021,13102200
17102023,13102200
17102025,13102300
17102027,13102400
17102030,13102500
17102040,13102900
17102050,13102600
17102050,13102900
17103030,13103100
17103050,13103200
17104150,13104010
17104190,13104030
17104230,13105010
17104250,13105030
17104332,13106132
17104333,13106133
17104335,13106135
17104352,13106152
17104353,13106153
17104355,13106155
171043Z1,131061Z1
171043Z2,131061Z2
17104400,13107110
17104510,13104050
17104530,13105050
17104553,13106200
17104555,13106200
17104557,13106160
17104570,13107120
17104600,13107200
17105130,13108110
17105150,13108130
17105230,13108210
17105250,13108320
17105270,13108340
17105290,13108380
17105330,13108333
17105350,13108336
171053Z1,131083Z0
17105400,13108410
17105513,13108510
17105515,13108510
17105530,13108150
17105553,13108550
17105555,13108550
17105570,13108250
17105570,13108390
17105570,13108430
17201010,13201100
17201020,13201230
17201030,13201260
17201040,13201330
17201070,13201400
17201080,13201360
17201090,13201900
17202014,13202014
17202017,13202017
17202019,13202019
17202020,13202020
17202031,13202031
17202042,13202042
17202044,13202044
17202049,13202049
17202060,13202060
17202072,13202072
17202074,13202074
17202079,13202079
172020Z1,132020Z1
172020Z3,132020Z2
172020Z5,132020Z3
17203130,13203130
17203150,13203150
17203170,13203170
17203210,13203210
17203220,13203220
17203230,13203230
17203240,13203240
17203250,13203250
17203290,13203290
17203330,13203330
17203350,13203350
17204010,13204100
17204033,13204200
17204035,13204300
17204050,13204500
17204070,13204400
17204090,13204600
17301010,13301110
17301021,13301121
17301022,13301122
17301023,13301123
17301024,13301124
17301025,13301125
17301026,13301126
17301027,13301127
17301028,13301128
17302110,13301210
17302120,13301220
17302130,13301230
17302140,13301240
17302150,13301250
17302160,13301260
17302170,13301270
17302180,13301280
17302190,13301290
17302210,13301310
17302220,13301320
17302230,13301330
17302240,13301340
17302250,13301350
17302260,13301360
17302270,13301370
17302280,13301380
17302290,13301390
17303010,13301410
17303020,13301420
17303030,13301430
17303040,13301440
17303050,13301450
17303060,13301460
17303070,13301470
17303080,13301480
17303090,13301490
17304010,13301910
17304020,13301920
17304030,13301930
17304040,13301940
17304050,13301950
17304060,13301960
17304070,13301970
17304080,13301980
17304090,13301990
17304095,13301995
17401130,13921130
17401150,13921150
17401190,13921190
17401230,13921230
17401253,13921253
17401255,13921255
17401259,13921259
17401270,13921270
17401330,13921330
17401353,13921353
17401355,13921355
17401359,13921359
17401370,13921370
17401430,13921430
17401450,13921450
17401470,13921470
17401530,13921530
17401550,13921550
17401570,13921570
17401630,13921620
17401653,13921640
17401659,13921660
17401670,13921680
17402130,13922130
17402150,13922150
17402173,13922173
17402175,13922175
17402190,13922190
17402210,13922210
17402230,13922230
17402250,13922250
17402270,13922270
17402300,13922300
17402430,13922430
17402493,13922493
17402499,13922499
17402553,13922953
17402557,13922957
17402590,13922990
17409000,33191020
17511100,13931100
17511200,13931200
17511300,13931300
17511430,13931930
17511490,13931990
17521133,13941133
17521135,13941135
17521153,13941153
17521155,13941155
17521160,13941160
17521170,13941170
17521190,13941190
17521233,13941233
17521235,13941235
17521253,13941253
17521255,13941255
17521259,13941259
17521280,13941280
17529000,
17531010,13951010
17531020,13951020
17531030,13951030
17531050,13951050
17531070,13951070
17541130,13961730
17541150,13961750
17541170,13961770
17541230,13991130
17541250,13991150
17541270,13991170
17541330,13991230
17541350,13991250
17541370,13991270
17542000,13991300
17543140,17221210
17543160,13991400
17543160,17221240
17543200,13961300
17543300,13961100
17543400,13961200
17543500,13991500
17543600,13961500
17543700,13961400
17543830,13961620
17543850,13961650
17543870,13961680
17543900,13991600
17601130,13911100
17601150,13911100
17601170,13911100
17601200,13911910
17711033,14311033
17711035,14311035
17711037,14311037
17711050,14311050
17711090,14311090
17721031,14391031
17721032,14391032
17721033,14391033
17721053,14391053
17721055,14391055
17721061,14391061
17721062,14391062
17721071,14391071
17721072,14391072
17721090,14391090
18101000,14111000
18211120,14121120
18211130,14121130
18211240,14121240
18211250,14121250
18212120,14122120
18212130,14122130
18212240,14122240
18212250,14122250
18213013,14123013
18213023,14123023
18221110,14131110
18221120,14131120
18221230,14131230
18221260,14131260
18221270,14131270
18221310,14131310
18221320,14131320
18221430,14131430
18221460,14131460
18221470,14131470
18221480,14131480
18221490,14131490
18222110,14132110
18222120,14132120
18222130,14132130
18222210,14132210
18222220,14132220
18222300,14132300
18222442,14132442
18222444,14132444
18222445,14132445
18222448,14132448
18222449,14132449
18222455,14132455
18222460,14132460
18223110,14133110
18223120,14133120
18223130,14133130
18223210,14133210
18223220,14133220
18223330,14133330
18223470,14133470
18223480,14133480
18223542,14133542
18223548,14133548
18223549,14133549
18223551,14133551
18223561,14133561
18223563,14133563
18223565,14133565
18223569,14133569
18231110,14141100
18231220,14141220
18231230,14141230
18231240,14141240
18231310,14141310
18231420,14141420
18231430,14141430
18231440,14141440
18231450,14141450
18232100,14142100
18232220,14142220
18232230,14142230
18232240,14142240
18232300,14142300
18232430,14142430
18232450,14142450
18232460,14142460
18232480,14142480
18232489,14142489
18232530,14142530
18232550,14142550
18232570,14142570
18233000,14143000
18241100,14191100
18241210,14191210
18241230,14191230
18241240,14191240
18241250,14191250
18241290,14191290
18241300,14191300
18241430,14191930
18241480,14191960
18242100,14192100
18242210,14192210
18242220,14192220
18242230,14192230
18242240,14192240
18242250,14192250
18242310,14192310
18242333,14192333
18242338,14192338
18242353,14192353
18242358,14192358
18242370,14192370
18242393,14192393
18242395,14192395
18243173,32991130
18243175,14193175
18243180,14193180
18243190,14193190
18243210,14193200
18243233,14193200
18243235,14193200
18243253,14193200
18243255,14193200
18243273,14193200
18243275,14193200
18244130,14194130
18244150,14194150
18244230,14194230
18244250,14194250
18244270,14194270
18244330,14194300
18244350,14194300
18301130,15111030
18301150,15111050
18301230,14201030
18301290,14201090
18301300,13911920
19101100,15112100
19101200,15112200
19102100,15113100
19102200,15113200
19102300,15113300
19103130,15114130
19103150,15114150
19103230,15114230
19103250,15114250
19103330,15114330
19103350,15114350
19104130,15115100
19104150,15115100
19104200,15115200
19201100,15121100
19201210,15121210
19201220,15121220
19201230,15121230
19201250,15121250
19201270,15121270
19201300,15121300
19201430,15121930
19201450,15121960
19301100,15201100
19301210,15201210
19301231,15201231
19301237,15201237
19301351,15201351
19301352,15201352
19301353,15201353
19301361,15201361
19301362,15201362
19301363,15201363
19301370,15201370
19301380,15201380
19301444,15201444
19301445,15201445
19301448,15201446
19301449,15201446
19302110,32301200
19302150,32301200
19302240,15202100
19302310,15202900
19302350,15202900
19303125,15203120
19303135,15203120
19303140,15203120
19303150,15203150
19303255,15203200
19303257,15201330
19303290,15203200
19304065,15204020
19304069,15204050
19304070,22197350
19304070,22292920
19304091,16291410
19304099,15204080
20101010,16101010
20101032,16101032
20101034,16101034
20101035,16101035
20101037,16101037
20101039,16101039
20101050,16101050
20101071,16101071
20101077,16101077
20102110,16102110
20102150,16102150
20102200,16102200
20102303,16102303
20102305,16102305
20103116,16103116
20103200,16103200
20104005,
20104009,
20109000,16109100
20201110,16211100
20201121,16211211
20201124,16211214
20201127,16211217
20201210,16211221
20201220,16211224
20201313,16211313
20201316,16211316
20201319,16211319
20201350,16211350
20201423,16211423
20201426,16211426
20201429,16211429
20201443,16211443
20201446,16211446
20201449,16211449
20202113,16212113
20202118,16212118
20202200,16212200
20301110,16231110
20301150,16231150
20301215,16221030
20301219,16221060
20301230,16231200
20301250,16231200
20301300,16231900
20302000,16232000
20401133,16241133
20401135,16241135
20401213,16241320
20401215,16241350
20401250,16241200
20511100,16291130
20511200,16291200
20511300,16291300
20511410,16291420
20511450,16291490
20521130,16292130
20521150,16292150
20521250,16292250
20521290,16292290
20521330,16292320
20521350,16292350
20521370,16292380
20521400,16292400
20521510,16292500
20521530,16292500
20521555,16292500
20521559,16292500
20521570,16292500
20521590,16292500
21111100,17111100
21111213,17111200
21111215,17111200
21111253,17111200
21111255,17111200
21111313,17111300
21111315,17111300
21111353,17111300
21111355,17111300
21111415,17111400
21111419,17111400
21111430,17111400
21111450,17111400
21121150,17121100
21121200,17121200
21121310,17121300
21121355,17121300
21121359,17121300
21121410,17121410
21121435,17121435
21121439,17121439
21121450,17121450
21121470,17121470
21122130,17122030
21122155,17122055
21122157,17122057
21122190,17122090
21122250,17123100
21122290,17123200
21122315,17124120
21122319,17124140
21122333,17124160
21122335,17125100
21122335,17125900
21122337,17125100
21122337,17125900
21122350,17124180
21122400,17123300
21122400,17123400
21122520,17123520
21122540,17123540
21123010,17124220
21123020,17124400
21123030,17124330
21123040,17124360
21123061,17124240
21123065,17124260
21123069,17124280
21124010,17126000
21124030,17126000
21124050,17126000
21124070,17126000
21125100,17127100
21125230,17127200
21125250,17127200
21125335,17127335
21125337,17127337
21125360,17127360
21125375,17127375
21125379,17127379
21125430,17127400
21125430,17127500
21125430,17127820
21125453,17127953
21125455,17127955
21125459,17127850
21125470,17127970
21125530,17127600
21125550,17127600
21125590,17127600
21125610,17127710
21125633,17127733
21125635,17127735
21125655,17127755
21125659,17127759
21125670,17127770
21125700,17127780
21211100,17211100
21211230,17211230
21211250,17211250
21211300,17211300
21211400,17211400
21211530,17211530
21211550,17211550
21221110,17221120
21221133,17221140
21221135,17221160
21221150,17221180
21221210,17221220
21221230,17221230
21221250,17221250
21221290,17221290
21221300,17221300
21231115,17231100
21231118,17231100
21231230,17231230
21231250,17231250
21231270,17231270
21231350,17231400
21241110,17241100
21241130,17241100
21241180,17241100
21241200,17241200
21251235,17291120
21251239,17291140
21251255,17291160
21251259,17291180
21251300,17291200
21251413,17291910
21251415,17291910
21251420,17291920
21251430,17291930
21251451,17291951
21251455,17291955
21251457,17291957
21251485,17291985
22111000,
22112170,
22112180,
22112200,
22113100,
22113250,
22114100,
22114200,
22115100,
22115100,32995980
22115200,
22121100,
22121200,
22131100,
22131200,
22141130,
22141150,
22141200,
22142100,
22142200,
22151130,
22151150,
22151250,
22151300,
22151400,
22151530,
22151550,
22151600,
22211000,18111000
22221100,18121100
22221230,18121230
22221250,18121250
22221300,18121990
22222013,17231313
22222015,17231315
22222017,17231317
22222019,17231319
22222030,17231330
22222050,17231350
22222075,17231375
22222079,17231379
22222080,17231380
22222090,17231390
22223100,18121407
22223100,18121414
22223100,18121421
22223100,18121428
22223100,18121920
22223220,18121300
22223230,18121435
22223230,18121442
22223243,18121449
22223243,18121456
22223245,18121930
22223250,18121910
22223270,18121463
22223290,18121990
22231010,18141010
22231030,18141030
22231050,18141050
22241000,18131000
22242000,18132000
22251000,18133000
22311010,18201010
22311030,18201030
22311050,18201050
22311070,18201070
22321050,18202050
22321070,18202070
22331030,18203030
22331050,18203050
22331070,18203070
24111120,20111120
24111130,20111130
24111150,20111150
24111160,20111160
24111170,20111170
24111230,20111230
24111250,20111250
24111270,20111270
24111290,20111290
24111300,20111300
24121130,20121130
24121150,20121150
24121215,20121200
24121219,20121200
24121235,20121200
24121239,20121200
24121253,20121200
24121255,20121200
24121257,20121200
24121270,20121200
24121313,20121910
24121315,20121910
24121330,20121930
24121353,20121950
24121355,20121950
24121363,20121950
24121365,20121950
24121373,20121973
24121375,20121975
24121390,20121990
24122110,20122110
24122120,20122120
24122130,20122130
24122140,20122140
24122150,20122150
24122160,20122160
24122170,20122170
24122250,20122250
24122270,20122270
24122330,20122330
24122350,20122350
24122415,20122415
24122419,20122419
24122430,20122440
24122450,20122440
24122470,20122470
24131111,20132111
24131113,20132116
24131115,20132116
24131117,20132116
24131120,20132120
24131130,20132130
24131140,20132140
24131153,20132150
24131155,20132150
24131160,20132180
24131170,20132180
24131190,20132180
24131235,20132235
24131237,20132237
24131250,20132260
24131270,20132260
24131325,20132300
24131329,20132300
24131330,20132300
24131350,20132300
24131370,20132300
24131380,20132300
24131413,20132413
24131415,20132415
24131433,20132433
24131435,20132435
24131453,20132453
24131455,20132455
24131460,20132460
24131473,20132473
24131475,20132475
24131477,20132477
24131525,20132525
24131527,20132527
24131535,20132535
24131537,20132537
24131550,20132550
24131560,20132560
24131570,20132570
24131580,20132580
24132110,20133110
24132130,20133130
24132150,20133150
24132170,20133170
24132235,20133230
24132239,20133230
24132255,20133250
24132259,20133250
24133113,20134110
24133115,20134110
24133133,20134133
24133135,20134135
24133153,20134151
24133155,20134151
24133157,20134157
24133173,20134173
24133175,20134175
24133210,20134210
24133220,20134220
24133230,20134230
24133240,20134240
24133250,20134280
24133260,20134280
24133270,20134270
24133310,20134310
24133320,20134320
24133330,20134390
24133340,20134340
24133350,20134390
24133371,20134390
24133373,20134390
24133377,20134390
24134125,20135125
24134140,20135110
24134150,20135110
24134160,20135110
24134175,20135175
24134183,20135183
24134185,20135185
24134250,20135250
24134270,20135270
24134290,20135290
24135100,20136100
24135220,20136220
24135240,20136240
24135250,20136230
24135260,20136230
24135270,20136270
24135280,20136280
24135300,20136300
24135430,20136480
24135450,20136450
24135470,20136480
24135500,20136500
24135600,20136600
24135700,20136700
24135850,20136800
24135870,20136800
24141120,20141120
24141130,20141130
24141140,20141140
24141150,20141150
24141165,20141165
24141167,20141167
24141190,20141190
24141213,20141213
24141215,20141215
24141223,20141223
24141225,20141225
24141243,20141243
24141245,20141245
24141247,20141247
24141250,20141250
24141260,20141260
24141270,20141270
24141280,20141290
24141290,20141290
24141313,20141313
24141315,20141315
24141323,20141323
24141325,20141325
24141353,20141353
24141357,20141357
24141371,20141371
24141373,20141374
24141375,20141374
24141379,20141379
24141450,20141450
24141470,20141470
24141490,20141490
24141510,20141910
24141530,20141930
24141553,20141950
24141559,20141950
24141573,20141970
24141575,20141970
24141579,20141970
24142100,20142100
24142210,20142210
24142220,20142220
24142230,20142230
24142240,20142240
24142263,20142263
24142265,20142265
24142273,20142270
24142275,20142270
24142310,20142310
24142320,20142320
24142333,20142333
24142339,20142339
24142350,20142350
24142373,20142373
24142375,20142375
24142415,20142410
24142417,20142410
24142419,20142410
24142433,20142433
24142439,20142439
24142453,20142450
24142455,20142450
24142459,20142450
24143120,20143120
24143130,20143130
24143150,20143150
24143195,20143195
24143197,20143197
24143215,20143215
24143217,20143219
24143219,20143219
24143220,20143220
24143235,20143230
24143237,20143230
24143243,20143240
24143245,20143240
24143247,20143240
24143253,20143250
24143255,20143250
24143271,20143271
24143277,20143277
24143278,20143278
24143280,20143280
24143310,20143310
24143320,20143320
24143330,20143330
24143340,20143340
24143350,20143350
24143363,20143363
24143365,20143365
24143367,20143367
24143370,20143370
24143383,20143383
24143385,20143385
24143387,20143387
24143413,20143410
24143415,20143410
24143423,20143420
24143425,20143420
24143433,20143430
24143435,20143430
24143443,20143440
24143445,20143440
24143473,20143473
24143475,20143475
24144113,20144113
24144115,20144119
24144117,20144119
24144123,20144123
24144125,20144123
24144127,20144129
24144130,20144130
24144151,20144151
24144153,20144153
24144155,20144159
24144157,20144159
24144170,20144170
24144233,20144233
24144235,20144235
24144237,20144237
24144239,20144239
24144290,20144290
24144310,20144310
24144320,20144320
24144330,20144330
24144340,20144340
24144350,20144350
24144360,20144360
24144370,20144370
24144420,20144420
24144430,20144430
24144450,20144450
24144490,20144490
24145135,20145133
24145137,20145133
24145139,20145139
24145150,20145150
24145210,20145210
24145230,20145230
24145250,20145280
24145260,20145260
24145270,20145280
24145290,20145290
24145350,20145350
24145375,20145380
24145379,20145380
24146111,20146111
24146113,20146113
24146115,20146115
24146119,20146119
24146120,20146120
24146130,20146130
24146143,20146140
24146145,20146140
24146147,20146140
24146150,20146150
24146160,20146160
24146170,20146170
24146211,20146211
24146213,20146213
24146215,20146215
24146219,20146219
24146231,20146231
24146233,20146233
24146235,20146235
24146239,20146239
24146260,20146260
24146270,20146270
24146313,20146310
24146319,20146310
24146323,20146323
24146325,20146325
24146333,20146333
24146339,20146339
24146350,20146350
24146360,20146360
24146373,20146373
24146375,20146375
24146379,20146379
24146380,20146380
24146430,20146430
24146450,20146450
24146470,20146470
24147120,20147120
24147130,20147130
24147140,20147140
24147150,20147150
24147170,20147170
24147200,20147200
24147320,20147320
24147330,20147320
24147340,20147340
24147350,20147360
24147365,20147390
24147367,20147390
24147370,19103000
24151050,20151050
24151075,20151075
24151077,20151077
24152020,20152030
24152030,20152080
24152050,20157600
24153013,20153130
24153019,20153180
24153023,20153200
24153029,20153930
24153030,20153300
24153043,20153530
24153045,20153580
24153060,20153400
24153080,20153960
24153095,20153990
24154035,20154100
24154090,20154900
24155030,20155100
24155050,20155200
24155090,20155900
24156000,20158000
24157050,20156000
24157070,20156000
24158010,20157930
24158023,20157130
24158025,20157180
24158030,20157200
24158040,20157300
24158053,20157400
24158059,20157400
24158063,20157500
24158069,20157500
24158090,20157980
24161035,20161035
24161039,20161039
24161050,20161050
24161070,20161070
24161090,20161090
24162035,20162035
24162039,20162039
24162050,20162050
24162070,20162070
24162090,20162090
24163010,20163010
24163023,20163023
24163025,20163025
24163040,20163040
24163050,20163090
24163060,20163060
24163070,20163060
24163090,20163090
24164013,20164013
24164015,20164015
24164020,20164020
24164030,20164030
24164040,20164040
24164050,20164050
24164062,20164062
24164064,20164064
24164070,20164070
24164080,20164080
24164090,20164090
24165130,20165130
24165150,20165150
24165230,20165230
24165250,20165250
24165270,20165270
24165350,20165350
24165390,20165390
24165450,20165450
24165490,20165490
24165550,20165550
24165570,20165570
24165630,20165630
24165650,20165650
24165670,20165670
24165700,20165700
24165810,20165920
24165820,20165920
24165830,20165940
24165840,20165940
24165850,20165940
24165860,20165960
24165870,20165970
24171050,20171050
24171090,20171090
24201130,20201130
24201140,20201140
24201150,20201150
24201160,20201160
24201180,20201190
24201220,20201220
24201230,20201230
24201240,20201240
24201250,20201250
24201260,20201260
24201270,20201270
24201290,20201290
24201350,20201350
24201370,20201370
24201430,20201430
24201450,20201450
24201490,20201490
24201552,20201515
24201553,20201530
24201555,20201545
24201556,20201560
24201557,20201575
24201559,20201590
24201565,20201930
24201570,20201980
24301150,20301150
24301170,20301170
24301225,20301225
24301229,20301229
24301230,20301230
24301250,20301250
24301270,20301270
24301290,20301290
24302130,20302130
24302150,20302150
24302170,20302170
24302213,20302213
24302215,20302215
24302220,20302220
24302230,20302230
24302240,20302240
24302253,20302253
24302255,20302255
24302260,20302260
24302273,20302273
24302279,20302279
24302350,20302350
24302370,20302370
24302450,20302450
24302470,20302470
24411030,21101030
24411050,21101050
24411070,21101070
24412010,21102010
24412020,21102020
24412030,21102040
24412040,21102040
24412050,21102040
24412060,21102060
24412070,21102070
24413110,21103110
24413120,21103130
24413130,21103130
24413140,21103140
24413155,21103155
24413159,21103159
24413170,21103170
24413180,21103180
24413200,21103200
24414000,21104000
24415123,21105100
24415125,21105100
24415133,21105100
24415135,21105100
24415143,21105100
24415145,21105100
24415153,21105100
24415155,21105100
24415159,21105100
24415180,21105100
24415250,21105200
24415261,21105200
24415263,21105200
24415265,21105200
24415270,21105200
24415281,21105200
24415283,21105200
24415313,21105300
24415315,21105300
24415323,21105300
24415327,21105300
24415330,21105300
24415340,21105300
24415350,21105300
24415360,21105300
24415380,21105300
24415430,21105400
24415440,21105400
24415450,21105400
24415460,21105400
24415470,21105400
24415490,21105400
24416020,21106020
24416040,21106040
24416050,21106050
24421130,21201130
24421150,21201150
24421160,21201160
24421180,21201180
24421230,21201230
24421250,21201250
24421260,21201260
24421265,21201270
24421310,21201310
24421320,21201320
24421340,21201340
24421360,21201360
24421380,21201380
24422120,21202120
24422140,21202140
24422160,21202160
24422200,21202200
24422320,21202320
24422340,21202340
24422360,32505010
24422370,32505020
24422410,21202420
24422430,21202440
24422450,21202430
24422450,32505030
24422470,21202460
24511050,20411000
24511070,20142360
24512020,20412020
24512030,20412030
24512050,20412050
24512090,20412090
24513120,20421915
24513150,20413120
24513173,20413150
24513179,20413180
24513183,20421930
24513240,20413240
24513250,20413250
24513260,20413260
24513270,20413270
24514100,20414100
24514270,20414270
24514280,20414280
24514330,20414330
24514350,20414350
24514370,20414370
24514383,20414383
24514389,20414389
24514400,20414400
24521150,20421150
24521170,20421170
24521250,20421250
24521270,20421270
24521300,20421300
24521400,20421400
24521500,20421500
24521630,20421630
24521650,20421650
24521670,20421670
24521700,20421700
24521850,20421850
24521890,20421890
24521930,20421945
24521950,20421960
24521970,20421975
24521990,20421990
24611130,20511130
24611150,20511150
24611250,20511250
24611270,20511270
24611300,20511300
24611400,20511400
24621013,20521020
24621015,20596020
24621020,20596050
24621030,20596080
24621050,20521040
24621060,20521060
24621095,20521080
24631020,20531020
24631030,20531030
24631050,20531050
24631075,20531075
24631079,20531079
24641130,20591130
24641150,20591150
24641170,20591170
24641200,20591200
24651000,26202200
24651000,26801100
24651000,26801200
24651000,26801300
24651000,26801400
24661000,20592000
24662000,20593000
24663155,20594155
24663157,20594157
24663175,20594175
24663179,20594179
24663255,20594250
24663259,20594250
24663270,20594270
24663290,20594290
24663330,20594330
24663350,20594350
24664100,20595100
24664210,20595210
24664230,20595230
24664250,20595250
24664270,20595270
24664350,20595300
24664370,20595300
24664400,20595400
24664552,20595550
24664553,20595550
24664555,20595550
24664557,20595550
24664570,20595570
24664580,20595580
24664590,20595590
24664620,20595620
24664630,20595630
24664640,20595640
24664650,20595650
24664660,20595660
24664670,20595670
24664720,20595720
24664730,20595730
24664740,20595740
24664750,20595750
24664770,20595770
24664813,20595910
24664815,20595910
24664817,20595910
24664823,20595920
24664825,
24664827,20595920
24664830,20595930
24664840,20595940
24664853,20595953
24664857,20595957
24664863,20595963
24664865,20595965
24664867,20595967
24664871,20595971
24664875,20595975
24664898,20595990
24701195,20601150
24701197,20601110
24701197,20601120
24701197,20601130
24701197,20601140
24701197,20601190
24701240,20601220
24701240,20601240
24701240,20601260
24701313,20601310
24701313,20601320
24701315,20601330
24701323,20601340
24701325,20601390
24701330,20601310
24701350,20601330
24701370,20601340
24701390,20601350
24701390,20601390
24701400,20601420
24701400,20601440
24702100,20602120
24702100,20602140
24702100,20602190
24702200,20602200
24702390,20602320
24702390,20602340
24702390,20602390
24702400,20602400
24703050,
24703070,
25111100,22111100
25111235,22111200
25111237,22111200
25111260,22111200
25111355,22111355
25111357,22111357
25111370,22111370
25111404,22111400
25111406,22111400
25111408,22111400
25111410,22111400
25111530,22111530
25111550,22111550
25111573,22111570
25111575,22111570
25111578,22111570
25111600,22111600
25121030,22112030
25121050,22112050
25121090,22112090
25131000,22191000
25132013,22192013
25132015,22192019
25132019,22192019
25132030,22192030
25132050,22192050
25132070,22192070
25132083,22192083
25132085,22192085
25132087,22192087
25133030,22193030
25133055,22193055
25133057,22193057
25133059,22193059
25133070,22193070
25134030,22194030
25134050,22194050
25134075,22194070
25134079,22194090
25135050,22195050
25135070,22195070
25136030,22196000
25136055,22196000
25136059,22196000
25136070,22196000
25137150,22197120
25137170,22197150
25137190,22197180
25137200,22197200
25137310,22197310
25137321,22197321
25137323,22197323
25137325,22197330
25137327,22197330
25137343,22197343
25137345,22197345
25137347,22197347
25137349,22197349
25137360,22197360
25137379,22197379
25211050,22211050
25211070,22211070
25211090,22211090
25212130,22212130
25212153,22212153
25212155,22212155
25212157,22212157
25212170,22212170
25212220,22212920
25212235,22212935
25212237,22212937
25212250,22212950
25212270,22212970
25213010,22213010
25213017,22213017
25213021,22213021
25213023,22213023
25213025,22213025
25213027,22213025
25213029,22213029
25213030,22213030
25213035,22213035
25213036,22213036
25213037,22213037
25213038,22213038
25213053,22213053
25213059,22213059
25213061,22213061
25213063,22213063
25213065,22213065
25213067,22213067
25213069,22213069
25213070,22213070
25213073,22213070
25213074,22213070
25213076,22213070
25213077,22213070
25213079,22213070
25213081,22213086
25213082,22213082
25213083,22213086
25213084,22213086
25213086,22213086
25213087,22213086
25213090,22213090
25214120,22214120
25214130,22214130
25214150,22214150
25214170,22214170
25214180,22214180
25214230,22214230
25214250,22214250
25214275,22214275
25214279,22214279
25214280,22214280
25221100,22221100
25221200,22221200
25221300,22221300
25221450,22221450
25221470,22221470
25221521,22221910
25221523,22221910
25221525,22221920
25221527,22221930
25221528,22221940
25221540,22221990
25231155,22231155
25231159,22231159
25231190,22231190
25231250,22231250
25231270,22231270
25231290,22231290
25231300,22231300
25231450,22231450
25231470,22231470
25231550,22231950
25231590,22231990
25231590,27331410
25232000,22232000
25241000,22291000
25242130,22292130
25242155,22292150
25242159,22292150
25242175,22292170
25242179,22292170
25242190,22292190
25242230,22292230
25242255,22292250
25242259,22292250
25242270,22292270
25242290,22292290
25242320,22292320
25242330,22292350
25242350,22292350
25242370,22292390
25242400,22292400
25242550,32991150
25242590,32991190
25242600,27331430
25242700,22292500
25242820,22292610
25242830,22292620
25242840,22292630
25242850,22292950
25242870,22292990
25249010,22299110
25249025,22299125
25249027,22299127
25249030,22299130
25249040,22299140
25249050,22299150
25249060,22299160
25249080,22299180
25249093,22299193
25249097,22299197
26111113,23111110
26111115,23111110
26111130,23111130
26111150,23111130
26111175,23111150
26111179,23111150
26111212,23111212
26111214,23111214
26111217,23111217
26111230,23111230
26111280,23111290
26121150,23121150
26121190,23121190
26121215,23121210
26121219,23121210
26121230,23121230
26121253,23121250
26121255,23121250
26121270,23121270
26121330,23121330
26121350,23121350
26121390,23121390
26131110,23131110
26131116,23131120
26131122,23131130
26131128,23131140
26131134,23131150
26131140,23131160
26131146,23131170
26131152,23131180
26131220,23131220
26131240,23131240
26131260,23131260
26131280,23131290
26131310,23131310
26131330,23131330
26131350,23131350
26131360,23131360
26131390,23131390
26131400,23131400
26141110,23141110
26141130,23141130
26141150,23141150
26141170,23141170
26141210,23141210
26141230,23141230
26141250,23141250
26141293,23141293
26141295,23141295
26141299,23141299
26151110,
26151110,23191110
26151130,23191130
26151150,23191150
26151200,23191200
26152100,23192100
26152200,23192200
26152330,23192330
26152350,23192350
26152400,23192400
26152500,23192500
26152630,23192640
26152650,23192640
26152670,23192670
26152690,23192690
26211130,23411130
26211150,23411150
26211210,23411210
26211230,23411230
26211250,23411250
26211290,23411290
26211330,23411330
26211350,23411350
26221030,23421030
26221050,23421050
26231033,23431033
26231035,23431035
26231039,23431039
26231053,23431053
26231055,23431055
26241100,23441100
26241200,23441210
26251100,23491100
26251230,23491230
26251255,23491255
26251259,23491259
26261100,23201100
26261210,23201210
26261233,23201233
26261235,23201235
26261237,23201237
26261290,23201290
26261300,23201300
26261410,23201410
26261430,23201430
26261455,23201455
26261459,23201459
26261490,23201490
26301010,23311010
26301020,23311020
26301030,23311030
26301053,23311053
26301055,23311057
26301059,23311057
26301071,23311071
26301073,23311073
26301075,23311075
26301079,23311079
26401110,23321110
26401130,23321130
26401250,23321250
26401270,23321270
26401300,23321300
26511100,23511100
26511210,23511210
26511230,23511210
26511250,23511290
26511290,23511290
26521033,23521033
26521035,23521035
26521050,23521050
26531000,23522000
266013Z1,236919Z0
26611130,23611130
26611150,23611150
26611200,23611200
26611300,23691930
26612000,23612000
26621050,23621050
26621090,23621090
26631000,23631000
26641000,23641000
26651100,23651100
26651220,23651220
26651240,23651240
26651260,23651260
26651280,23651280
26661100,23691100
26661200,23691980
26701100,23701100
26701210,23701210
26701230,23701230
26701260,23701260
26701270,23701270
26701290,23701280
26811110,23911110
26811120,23911120
26811130,23911130
26811140,23911140
26811150,23911150
26811160,23911190
26811170,23911190
26811180,23911190
26811230,23911230
26811250,23911250
26811290,23911290
26821150,23991100
26821190,23991100
26821253,23991253
26821259,23991259
26821290,23991290
26821300,23991310
26821400,23991400
26821500,23991500
26821610,23991910
26821620,23991920
26821630,23991930
26821650,23991950
26821670,23991970
26821680,23991980
26821690,23991990
27101100,24101100
27101100,24101300
27101250,24101410
27101310,
27101320,
27101320,24101420
27102010,24101215
27102020,24101230
27102030,24101245
27102040,24101260
27102050,24101275
27102090,24101290
27103110,24102110
27103121,24102121
27103122,24102122
271031Z0,241021Z0
27103210,24102210
27103221,24102221
27103222,24102222
271032Z0,241022Z0
27103310,24102310
27103321,24102321
27103322,24102322
271033Z0,241023Z0
27104111,24103310
27104112,24103320
27104121,24103410
27104122,24103420
27104130,24103330
27104140,24103340
27104150,24104200
271041Z5,241033Z0
271041Z6,241034Z0
27104200,24106300
27104310,24106410
27104320,24106430
27104320,24107200
27104330,24106450
27105000,24103520
27105000,24105500
27105000,24106510
27105000,24106610
27106020,24103110
27106020,24103510
27106020,24105330
27106020,24321030
27106020,24321040
27106030,24103230
27106030,24103600
27106030,24105430
27106030,24321050
27106040,24103130
27106040,24103540
27106050,24103150
27106050,24103210
27106050,24103530
27106050,24103550
27106050,24105150
27107111,24104110
27107111,24104300
27107112,24104130
27107120,24104150
27107120,24105330
27107130,24105310
271071Z0,241041Z0
27107210,24105110
27107220,24105130
27107220,24105230
27107230,24105120
27107230,24105210
27107240,24105140
27108110,24106110
27108120,24106120
27108130,24106130
27108140,24106140
27108190,24106190
27108210,24106550
27108290,24106530
27108290,24106570
27108310,24106210
27108320,24106230
27108330,24106630
27108340,24106640
27108350,24107140
27108350,24107300
27108350,24331150
27108361,24106700
27108364,24106250
27108367,24106620
27108367,24106650
27109110,24107110
27109120,24107120
27109130,24107130
27109210,24107410
27109220,24107420
27109230,24107500
2710T110,2410T110
2710T121,2410T121
2710T122,2410T122
2710T131,2410T131
2710T132,2410T132
2710T141,2410T141
2710T142,2410T142
2710T211,2410T211
2710T212,2410T212
2710T221,2410T221
2710T222,2410T222
2710T231,2410T231
2710T241,2410T241
2710T242,2410T242
2710T243,2410T243
2710T244,2410T244
2710T251,2410T251
2710T252,2410T252
2710T260,2410T260
2710T310,2410T310
2710T320,2410T320
2710T330,2410T330
2710T340,2410T340
2710T350,2410T350
2710T360,2410T360
27211000,24512000
27212033,24513030
27212035,24513030
27212050,24513050
27212070,24523000
27221010,24201110
27221010,24201210
27221010,24201310
27221021,24201330
27221021,24201350
27221023,24201350
27221041,24201150
27221041,24201250
27221041,24201370
27221043,24201150
27221043,24201250
27221043,24201370
27221045,24201150
27221045,24201250
27221045,24201370
27221050,24201400
27221061,24202110
27221061,24202200
27221061,24202300
27221065,24202150
27221065,24202300
27221065,24202400
27221070,24203310
27221081,24203340
27221086,24203340
27221092,24203110
27221092,24203150
27221092,24203210
27221092,24203250
27221092,24203340
27221092,24203370
27221092,24203500
27221094,24203410
27221094,24203430
27221096,24203410
27221096,24203450
27221098,24203410
27221098,24203470
27222010,24204010
27222030,24204030
27222050,24204050
27222073,24204073
27222075,24204075
27311013,24311010
27311015,24311020
27311030,24311030
27311050,24311040
27311080,24311050
27312010,24311060
27312020,24312010
27312030,24312010
27312053,24312020
27312055,24312030
27312057,24312040
27312070,24106660
27313030,24106470
27313030,24107200
27313030,24313000
27313050,24312050
27321011,24321011
27321012,24321012
27321014,24321014
27321016,24321016
27321018,24321018
27321022,24321022
27321024,24105430
27321024,24321025
27321026,24105410
27321028,24321028
273210Z5,243210Z1
273210Z6,243210Z2
27322012,24322010
27322014,24322020
27322016,24322020
27322018,24322030
27322022,24322040
27322024,24322050
27322026,24322060
273220Z1,243220Z1
273220Z2,243220Z2
27331130,24331110
27331150,24332000
27331170,24331130
27331200,24331200
27341130,24341130
27341150,24341150
27341170,24341170
27341230,24341200
27341250,24341300
27411030,24411030
27411050,24411050
27412030,24412030
27412050,24412050
27412070,24412070
27413030,24413030
27413050,24413050
27414000,24414000
27415030,24415030
27415050,24415050
27421130,24421130
27421153,24421153
27421155,24421155
27421200,24421200
27422100,24422100
27422230,24422230
27422250,24422250
27422330,24422330
27422350,24422350
27422430,24422430
27422450,24422450
27422500,24422500
27422630,24422630
27422650,24422650
27422670,24422670
27431130,24431130
27431150,24431150
27431190,24431190
27431230,24431230
27431250,24431250
27431330,24431330
27431350,24431350
27432100,25992976
27432200,24432100
27432300,25992975
27432400,24432200
27432530,24432300
27432550,24432300
27432600,25992971
27432700,24432400
27432830,25992963
27432860,25992963
27432900,25992963
27441100,24441100
27441200,24441200
27441330,24441330
27441350,24441370
27441370,24441370
27442100,24442100
27442200,24442200
27442330,24442330
27442350,24442350
27442370,24442370
27442400,24442400
27442500,24442500
27442630,24442630
27442650,24442650
27451100,24451200
27451230,24451100
27451250,24451100
27452100,24452100
27452200,24452200
27452300,24452300
27452430,24452400
27452450,24452400
27453013,
27453013,24453013
27453015,24453013
27453017,
27453017,24453017
27453023,
27453023,24453023
27453025,
27453025,24453025
27453027,
27453027,24453027
27453033,24453030
27453035,
27453035,24453030
27453037,24453030
27453043,
27453043,24453043
27453045,
27453045,24453047
27453047,
27453047,24453047
27453053,24453057
27453055,
27453055,24453055
27453057,24453057
27511110,24511110
27511130,24511110
27511140,24511110
27511150,24511110
27511190,24511190
27511210,24511210
27511220,24511220
27511230,24511220
27511240,24511240
27511250,24511250
27511290,24511290
27511310,24511310
27511320,24511320
27511330,24511320
27511340,24511340
27511350,24511350
27511390,24511390
27521010,24521010
27521030,24521030
27521040,24521040
27521050,24521050
27521090,24521090
27531010,24531010
27531020,24531020
27531030,24531020
27531040,24531040
27531050,24531050
27531090,24531090
27541010,24541010
27541020,24541020
27541030,24541020
27541040,24541040
27541050,24541050
27541090,24541090
28111030,25111030
28111050,25111050
28112100,25112100
28112200,25112200
28112310,25112310
28112330,25112330
28112340,24333000
28112350,25112350
28112360,25112360
28112370,25112370
28119100,
28121030,25121030
28121050,25121050
28211110,25291110
28211120,25291120
28211130,25291130
28211150,25291150
28211170,25291170
28211230,25291200
28211250,25291200
28219200,33111200
28221130,25211100
28221150,25211100
28221200,25211200
28221300,25211300
28229200,33111900
28301110,25301110
28301130,25301110
28301150,25301150
28301170,25301170
28301230,25301230
28301250,25301250
28301330,25301330
28301350,25301350
28302100,25302100
28302200,25302200
28309100,33201100
28309200,33111300
28401133,25501134
28401135,25501134
28401137,25501137
28401151,25501151
28401152,25501152
28401153,25501153
28401154,25501154
28401156,25501156
28401157,25501157
28401158,25501158
28401210,25501210
28401223,25501220
28401225,25501220
28401230,25501230
28401240,25501240
28401250,25501250
28401260,25501260
28401270,25501270
28401280,25501280
28401290,25501290
28401310,25501310
28401320,25501320
28401330,25501330
28401340,25501340
28401350,25501350
28401370,25501370
28402010,25502020
28402020,25502020
28402030,25502020
28402040,25502020
28402050,25502020
28402070,25502020
28402080,25502080
28511130,25611130
28511150,25611150
28511170,25611170
28511190,25611190
28511230,25611230
28511250,25611250
28512100,25612100
28512230,25612230
28512250,25612250
28512270,25612270
28512290,25612290
28521001,25621001
28521003,25621003
28521005,25621005
28521007,25621007
28521009,25621009
28521011,25621011
28521013,25621013
28522000,25622000
28611113,25711115
28611119,25711130
28611120,25711145
28611130,25711160
28611150,25711175
28611170,25711190
28611240,25711230
28611250,25711280
28611330,25711330
28611350,25711350
28611370,25711370
28611440,25711430
28611470,25711480
28621010,25731010
28621020,25731020
28621030,25731030
28621040,25731040
28621050,25731050
28621060,25731060
28621070,25731070
28622010,25732010
28622020,25732020
28622030,25732030
28622050,25732050
28622091,25732099
28622093,25732093
28622095,25732095
28622099,25732099
28623013,25733013
28623015,25733015
28623017,25733017
28623023,25733023
28623025,25733025
28623033,25733033
28623035,25733035
28623037,25733037
28623053,25733053
28623055,25733055
28623057,25733057
28623063,25733063
28623065,25733065
28623073,25733073
28623077,25733077
28623083,25733083
28623085,25733085
28623087,25733087
28624014,25734014
28624016,25734016
28624019,25734019
28624023,25734023
28624025,25734025
28624027,25734027
28624031,25734031
28624033,25734033
28624035,25734035
28624037,25734037
28624044,25734044
28624045,25734045
28624048,25734048
28624050,25734050
28624061,25734061
28624065,25734065
28624067,25734067
28624069,25734069
28624071,25734071
28624074,25734074
28624079,25734079
28624081,25734081
28624083,25734083
28624085,25734085
28624087,25734087
28624089,25734089
28625013,25736013
28625015,25736018
28625017,25736018
28625023,25736023
28625024,25736024
28625033,25736033
28625039,25736039
28625043,25736043
28625045,25736045
28625053,25736053
28625055,25736055
28625063,25736063
28625065,25736065
28625067,25736067
28625090,25736090
28631130,25721130
28631150,25721150
28631170,25721170
28631230,25721230
28631250,25721250
28631270,25721270
28631330,25721330
28631350,25721350
28631370,25721370
28631410,25721410
28631420,25721420
28631430,25721430
28631440,25721440
28631450,25721450
28631460,25721460
28631470,25721470
28711100,25911100
28711200,25911200
28721133,25921133
28721135,25921135
28721150,25921150
28721210,25921210
28721230,25921230
28721250,25921250
28721260,25921260
28721280,25921280
28721330,25921330
28721350,25921350
28721370,25921370
28731130,25931130
28731150,25931150
28731230,25931230
28731250,25931250
28731270,25931270
28731313,25931313
28731315,25931315
28731320,25931320
28731330,25931330
28731343,25931343
28731345,25931345
28731350,25931350
28731360,25931360
28731410,25931410
28731420,25931480
28731430,25931480
28731440,25931480
28731450,25931480
28731460,25931480
28731470,25931480
28731480,25931480
28731510,25931510
28731530,25931530
28731550,25931550
28731570,25931570
28731600,25931800
28741113,25941113
28741115,25941115
28741117,25941117
28741123,25941123
28741125,25941125
28741127,25941127
28741129,25941129
28741131,25941131
28741133,25941133
28741135,25941135
28741139,25941139
28741153,25941153
28741155,25941153
28741157,25941157
28741173,25941173
28741175,25941175
28741183,25941183
28741185,25941185
28741187,25941187
28741190,25941190
28741210,25941210
28741230,25941230
28741250,25941250
28741270,25941270
28741310,25941310
28741320,25941310
28741340,25941340
28741370,25941370
28741413,25931613
28741415,25931615
28741417,25931617
28741431,25931631
28741433,25931633
28741435,25931635
28741437,25931637
28741453,25931653
28741455,25931655
28741460,25931660
28741480,25931680
28742010,25931710
28742023,25931723
28742025,25931725
28742030,25931730
28742050,25931750
28742070,25931770
28742080,25931780
28751110,25991110
28751127,25991127
28751131,25991131
28751135,25991135
28751137,25991137
28751217,25991217
28751223,25991223
28751229,25991229
28751237,25991237
28751243,25991243
28751249,25991249
28751253,25991253
28751255,25991255
28751257,25991257
28751270,25991270
28751280,25991280
28752130,25992130
28752150,25992150
28752170,25992170
28752200,25992200
28752330,25992330
28752350,25992350
28752370,25992370
28752400,25992400
28752530,25992530
28752550,25992550
28752570,25992570
28752600,25992600
28752711,25992911
28752713,25992913
28752719,25992919
28752722,25992922
28752725,25992925
28752727,25992927
28752731,25992931
28752733,25992933
28752735,25992935
28752737,25992937
28752741,25992941
28752743,25992949
28752745,25992949
28752749,25992949
28752752,25992955
28752753,25992955
28752755,25992955
28752758,25992958
28752763,25992977
28752765,25992973
28752766,25992967
28752769,25992979
28752781,25721480
28752782,25992982
28752783,25992983
28752785,25992985
28752787,25992987
28753000,25711500
29111100,28111100
29111230,28111200
29111250,28111200
29111311,28111311
29111313,28111311
29111315,28111315
29111317,28111315
29111319,28111319
29111320,28111320
29111331,28111331
29111333,28111333
29111335,28111335
29111337,28111337
29111353,28111353
29111355,28111355
29111357,28111357
29111373,28111373
29111375,28111375
29112130,28112130
29112150,28112150
29112200,28112200
29112300,28112300
29113100,28113100
29113200,28113200
29113300,28113300
29119100,33202910
29119200,33121100
29121133,28121630
29121135,28121130
29121150,28121180
29121233,28121680
29121235,28121200
29121237,28121200
29121250,28121200
29122110,28131105
29122130,28131125
29122150,28131145
29122170,28131165
29122190,28131185
29122210,28121530
29122230,28131220
29122250,28121320
29122270,28131250
29122290,28131280
29122310,28121580
29122333,28121350
29122335,28131320
29122353,28121380
29122355,28131340
29122373,28131360
29122375,28131380
29122413,28131413
29122415,28131415
29122417,28131417
29122420,28131420
29122430,28131430
29122451,28131451
29122453,28131453
29122455,28131455
29122460,28131460
29122471,28131471
29122475,28131475
29122480,28131480
29123130,28132190
29123150,28132170
29123170,28132170
29123200,28132200
29123333,28132300
29123335,28132300
29123337,28132300
29123430,28132400
29123450,28132400
29123530,28132530
29123550,28132550
29123630,28132630
29123650,28132650
29123670,28132670
29123690,28132690
29123730,28132730
29123753,28132753
29123755,28132755
29123800,28132800
29124130,28122000
29124150,28122000
29124170,28122000
29124200,28133100
29124300,28133200
29129100,33202920
29129200,33121210
29131134,28121420
29131135,28141120
29131139,28141140
29131153,28121450
29131155,28121480
29131172,28141160
29131176,28141170
29131176,28141180
29131233,28141233
29131235,28141235
29131253,28141253
29131255,28141255
29131313,28141313
29131315,28141315
29131333,28141333
29131335,28141335
29131337,28141337
29131353,28141353
29131355,28141355
29131357,28141357
29131373,28141373
29131375,28141375
29131377,28141377
29131380,28141380
29132000,28142000
29139200,33121220
29141030,28151030
29141053,28151053
29141055,28151055
29141057,28151057
29141070,28151070
29141090,28151090
29142130,28152130
29142153,28152150
29142155,28152170
29142230,28152230
29142253,28152250
29142255,28152270
29142330,28152330
29142350,28152350
29142432,28152432
29142433,28152433
29142434,28152434
29142440,28152440
29142450,28152450
29142473,28152473
29142475,28152475
29142500,28152500
29142630,28152600
29143130,28153130
29143150,28153150
29143200,28153200
29143330,28153930
29143350,28153950
29211130,28211130
29211150,28211150
29211170,28211170
29211230,28211230
29211250,28211270
29211290,28211270
29211330,28211330
29211351,28211351
29211353,28211353
29211355,28211355
29211357,28211357
29211430,28211430
29211450,28211450
29211470,28211470
29219100,33202930
29219200,33121400
29221130,28221130
29221150,28221170
29221170,28221170
29221253,28221250
29221255,28221250
29221270,28221270
29221330,28221330
29221350,28221350
29221370,28221370
29221420,28221420
29221433,28221433
29221435,28221435
29221443,28221440
29221445,28221440
29221450,28221450
29221460,28221460
29221470,28221470
29221513,28221513
29221515,28221515
29221533,28221530
29221535,28221530
29221550,28221550
29221573,28221570
29221575,28221570
29221630,28221630
29221650,28221650
29221670,28221670
29221710,28221710
29221733,28221733
29221735,28221735
29221750,28221750
29221770,28221770
29221793,28221793
29221795,28221795
29221820,28221820
29221830,28221830
29221850,28221850
29221890,28221890
29221930,28221930
29221950,28221950
29221970,28221970
29222000,28222000
29229100,33202940
29229200,33121500
29231130,28251130
29231150,28251150
29231220,28251220
29231240,28251240
29231245,28251250
29231270,28251270
29231333,28251333
29231335,28251335
29231340,28251340
29231350,28251350
29231380,28251380
29231390,28251390
29231410,28251410
29231420,28251420
29231440,28251440
29231470,28251470
29232030,28252030
29232050,28252050
29232070,28252070
29233010,28253010
29233030,28253030
29233050,28253050
29233070,28253070
29233080,28253080
29239100,33202950
29239200,33121800
29241130,28291100
29241150,28291100
29241230,28291230
29241250,28291250
29241270,28291270
29241330,28291330
29241350,28291350
29242130,28292120
29242150,28292150
29242170,28292180
29242233,28293200
29242235,28293200
29242253,28293130
29242255,28293180
29242310,28293910
29242340,28293930
29242350,28293950
29242410,28292210
29242430,28292220
29242450,28292230
29242490,28292240
29242510,28292300
29243130,32501380
29243170,28294100
29243230,28294200
29243250,28294200
29243330,28294330
29243350,28294350
29244030,28296030
29244050,28296050
29244090,28296090
29245100,28298100
29245220,28298220
29245250,28298250
29245313,28298313
29245315,28298315
29245320,28298320
29245340,28298340
29245350,28298350
29245400,28298400
29246000,28295000
29247010,28298510
29247020,28298520
29249100,33202960
29249200,33121990
29311000,28301000
29312130,28302100
29312150,28302100
29312200,28302200
29312330,28302330
29312350,28302350
29312370,28302370
29312400,28302390
29319000,33122110
29321130,28303130
29321150,28303150
29321170,28303220
29321210,28303210
29321230,28303230
29321250,28303250
29321270,28303270
29321333,28303333
29321335,28303335
29321350,28303350
29321430,28303430
29321450,28303450
29321500,28303900
29322010,28304010
29322033,28304030
29322035,28304030
29322037,28304030
29322053,28304050
29322055,28304050
29322057,28304050
29322070,28304070
29323130,28305130
29323153,28305153
29323155,28305155
29323170,28305170
29323230,28305200
29323250,28305200
29323330,28305330
29323350,28305350
29323410,28305915
29323420,28305930
29323430,28305420
29323450,28305450
29323460,28305480
29323473,28305945
29323475,28305960
29323477,28305975
29323490,28305990
29324010,28306010
29324034,28306030
29324050,28306050
29324070,28306090
29325040,28307040
29326100,28308100
29326200,28308200
29326336,28308300
29326353,28308400
29326355,28308500
29326400,28932000
29326530,28308630
29326540,28308640
29326550,28308650
29327020,28309200
29327050,28309100
29327060,28309330
29327070,28309380
29329100,33203100
29329200,33122120
29411103,28241240
29411105,28241240
29411107,28241260
29411109,28241280
29411113,28241113
29411115,28241115
29411117,28241117
29411123,28241123
29411125,28241125
29411127,28241127
29411133,28241133
29411135,28241135
29411151,28241150
29411153,28241150
29411155,28241150
29411157,28241150
29411180,28241180
29411190,28241190
29411240,28242100
29411250,28242250
29421110,28411110
29421130,28411130
29421153,28411150
29421155,28411150
29421170,28411170
29421220,28411220
29421240,28411240
29421250,28411250
29421270,28411270
29422123,28412123
29422127,28412127
29422129,28412129
29422143,28412140
29422147,28412140
29422149,28412140
29422163,28412160
29422169,28412160
29422190,28412160
29422213,28412213
29422217,28412217
29422223,28412223
29422225,28412225
29422233,28412233
29422235,28412235
29422240,28412240
29422260,28412260
29422277,28412270
29422287,28412270
29422300,28412280
29423113,28412305
29423115,28412315
29423117,28412325
29423123,28412335
29423125,28412345
29423127,28412355
29423131,28412365
29423133,28412375
29423135,28412385
29423137,28412395
29423157,28412410
29423173,28412430
29423175,28412430
29423183,28412470
29423190,28412490
29423233,28413120
29423235,28413140
29423250,28413220
29423270,28413240
29423333,28413160
29423335,28413180
29423350,28413260
29423370,28413280
29423410,28413310
29423420,28413320
29423430,28413330
29423440,28413340
29423470,28413370
29423480,28413380
29423510,28413410
29423530,28413430
29423550,28413450
29423570,28413470
29424030,28414030
29424050,28414050
29429100,33203200
29429200,33122200
29431130,28491130
29431150,28491150
29431170,28491170
29431210,28491210
29431220,28491220
29431233,28491233
29431235,28491235
29431237,28491237
29431250,28491250
29431263,28491263
29431265,28491265
29431267,28491267
29431270,28491275
29431283,28491279
29431285,28491279
29431287,28491287
29432013,28297020
29432015,28297090
29432017,28297090
29432023,27903109
29432025,27903118
29432030,27903145
29432043,27903145
29432045,27903145
29432050,27903154
29432063,27903163
29432065,27903172
29432070,27903181
29432083,27903190
29432085,27903199
29433133,28492110
29433135,28492130
29433150,28492150
29433170,28492170
29433230,28492230
29433250,28492250
29433270,28492270
29433300,28492350
29433430,28492430
29433450,28492450
29433530,28298600
29433550,27903200
29439100,33202970
29439200,33122910
29511133,28911130
29511135,28911130
29511137,28911130
29511153,28911153
29511155,28911153
29511157,28911157
29511230,28911230
29511250,28911250
29511270,28911270
29519100,33203300
29519200,33122300
29521100,28921100
29521233,28921233
29521235,28921235
29521253,28921253
29521255,28921255
29522130,28922130
29522150,28922150
29522200,28922200
29522300,28922300
29522400,28922400
29522530,28922530
29522550,28922550
29522600,28922600
29522730,28922730
29522750,28922750
29522800,28922800
29523010,28923010
29523030,28923030
29523050,28923050
29523070,28923070
29523090,28923090
29524030,28924030
29524050,28924050
29524070,28924070
29524080,28993953
29525000,28925000
29526130,28926130
29526150,28926150
29526200,28926200
29529100,33203400
29529200,33122400
29531100,28931100
29531200,28931200
29531300,28931300
29531400,28931400
29531533,28931530
29531535,28931530
29531550,28931600
29531573,28931560
29531575,28931580
29531613,28931713
29531615,28931715
29531620,28931720
29531630,28931730
29531640,28931740
29531650,28931750
29531660,28931760
29531670,28931770
29531680,28931780
29531700,28931900
29532130,28309400
29532150,28933100
29532230,28933400
29532250,28933200
29532300,28933300
29539100,33203500
29539200,33122500
29541110,28941100
29541130,28941100
29541150,28941100
29541170,28941100
29541230,28941200
29541250,28941200
29541270,28941200
29541290,28941200
29541330,28941300
29541350,28941300
29541430,28941430
29541450,28941450
29541470,28941470
29541530,28941510
29541550,28941510
29542110,28942110
29542130,28942130
29542150,28942150
29542170,28942170
29542183,28942180
29542185,28942180
29542230,28942230
29542250,28942250
29542270,28942270
29542330,28942430
29542350,28942450
29543030,28943030
29543050,28943050
29543070,28943070
29544110,28945110
29544130,28945130
29544150,28945150
29544170,28945170
29544210,28945210
29544220,28945220
29544230,28945230
29544250,28945250
29544270,28945270
29544280,28945280
29545000,28944000
29549100,33203600
29549200,33122600
29551113,28951113
29551115,28951115
29551117,28951117
29551133,28951133
29551135,28951135
29551137,28951137
29551143,28951140
29551145,28951140
29551150,28951150
29551160,28951160
29551170,28951170
29551180,28951190
29551230,28951230
29551250,28951250
29551270,28951270
29559100,33203700
29559200,33122700
29561110,28991110
29561130,28991130
29561150,28991150
29561170,28991170
29561190,28991190
29561230,28991200
29561250,28991200
29561330,28991330
29561353,28991390
29561355,28991390
29561357,28991390
29561410,28991410
29561430,28991430
29561450,28991450
29561490,28941530
29561490,28991490
29561499,28232100
29561499,28991490
29561530,28994000
29561550,28994000
29561590,28994000
29562100,28942300
29562230,28993130
29562250,28993150
29562310,28961010
29562330,28961030
29562340,28961040
29562350,28961050
29562360,28961060
29562373,28961073
29562375,28961075
29562382,28961082
29562384,28961084
29562391,28961091
29562393,28961093
29562395,28961095
29562397,28961097
29562413,25735013
29562415,25735015
29562420,25735020
29562430,25735030
29562450,25735050
29562460,25735060
29562470,25735070
29562480,25735080
29562510,28993910
29562520,28993920
29562530,28993930
29562550,28993950
29562563,28993905
29562565,28993915
29562573,28993925
29562575,28993935
29562577,28993940
29562582,28992020
29562584,28411180
29562584,28992040
29562586,28992060
29562588,28993945
29562599,28993955
29562630,28995230
29562650,28962000
29562680,28995280
29562690,28414070
29562690,28492140
29562690,28995100
29569100,33203800
29569100,33203900
29569200,33122800
29569200,33122990
29601330,25401230
29601350,25401250
29601370,25401270
29601390,25401290
29601450,25401300
29601470,25401300
29601530,25401400
29711110,27511110
29711133,27511133
29711135,27511135
29711150,27511150
29711170,27511170
29711200,27511200
29711330,27511300
29711350,27511300
29711370,27511300
29711400,27511400
29711530,27511530
29711550,27511580
29712123,27512123
29712125,27512125
29712125,27512410
29712170,27512170
29712190,27512190
29712230,27512200
29712250,27512200
29712313,27512313
29712315,27512315
29712330,27512330
29712350,27512350
29712373,27512370
29712375,27512370
29712430,27512430
29712450,27512450
29712493,27512490
29712497,27512490
29712530,27512530
29712550,27512550
29712570,27512570
29712630,27512630
29712653,27512650
29712655,27512650
29712657,27512650
29712690,27512690
29712700,27512700
29712810,27512810
29712833,27512833
29712835,27512835
29712850,27512850
29712870,27512870
29712890,27512890
29712900,27512900
29713010,27513010
29713030,27513030
29713050,27513050
29713070,27513070
29721113,27521113
29721115,27521115
29721130,27521190
29721150,27521190
29721170,27521190
29721233,27521233
29721235,27521235
29721253,27521250
29721255,27521250
29721270,27521270
29721300,27521300
29721400,27521400
29722000,27522000
30011100,28231100
30011200,28231100
30011320,28231200
30011320,28231300
30011350,28231300
30011390,28231300
30011430,28232400
30011450,28232400
30012200,28232200
30012330,28232300
30012370,28232300
30012380,28232300
30012400,28232500
30012550,28232600
30019000,33202100
30021200,26201100
30021300,26201300
30021400,26201400
30021500,26201500
30021640,26201640
30021650,26201650
30021670,26201660
30021670,26201700
30021730,26202100
30021755,26202100
30021757,26202100
30021770,26202100
30021790,26202100
30021800,26122000
30021800,26203000
30021950,26204000
30029000,
30029000,33204200
31101010,27111010
31101030,27111030
31101053,27111053
31101055,27111055
31101070,27111070
31101080,27111090
31101093,27111090
31101095,27111090
31102100,27112100
31102230,27112230
31102250,27112250
31102300,27112300
31102403,27112403
31102405,27112405
31102407,27112407
31102530,27112530
31102540,27112540
31102560,27112560
31102590,27112590
31102610,27112610
31102630,27112630
31102650,27112650
31102670,27112670
31103113,27113110
31103115,27113110
31103130,27113130
31103150,27113150
31103173,27113170
31103175,27113170
31103233,27113233
31103235,27113235
31103250,27113250
31103250,28112400
31103270,27113270
31104130,27114120
31104153,27114150
31104155,27114150
31104170,27114180
31104233,27114220
31104235,27114240
31104253,27114260
31104255,27114260
31104330,27114330
31104350,27114380
31105013,27115013
31105015,27115015
31105023,27115023
31105033,27115033
31105035,27115035
31105040,27115040
31105053,27115053
31105055,27115055
31105070,27115070
31105080,27115080
31106100,27116100
31106203,27116203
31106205,27116205
31106207,27116207
31109100,33205020
31109200,33141120
31201010,27121010
31201030,27121020
31201040,27121020
31201053,27121030
31201055,27121030
31201070,27121040
31201090,27121090
31202130,27122130
31202150,27122150
31202170,27122170
31202230,27122230
31202250,27122250
31202330,27122330
31202350,27122350
31202370,27122370
31202433,27122433
31202435,27122435
31202450,27122450
31202500,27331100
31202600,27331200
31202710,27331310
31202730,27331330
31202750,27331350
31202760,27331360
31202770,27331370
31202780,27331380
31203130,27123130
31203150,27123150
31203170,27123170
31203203,27123203
31203205,27123205
31204030,27124030
31204090,27124090
31209100,33205050
31209200,33141150
31301130,27321130
31301150,27321150
31301200,27321200
31301340,27321340
31301380,27321380
31301400,27321400
31301500,27311100
31401111,27201100
31401112,27201100
31401113,27201100
31401115,27201100
31401117,27201100
31401119,27201100
31401123,27201100
31401125,27201100
31401127,27201100
31401133,27201100
31401135,27201100
31401137,27201100
31401151,27201100
31401152,27201100
31401153,27201100
31401155,27201100
31401156,27201100
31401158,27201100
31401173,27201100
31401175,27201100
31401179,27201100
31401200,27201200
31402110,27202100
31402130,27202100
31402150,27202100
31402170,27202100
31402210,27202210
31402230,27202210
31402250,27202250
31402270,27202250
31402310,27202300
31402330,27202300
31402350,27202300
31402370,27202300
31402383,27202300
31402385,27202300
31402430,27202400
31402450,27202400
31402490,27202400
31501100,27401100
31501250,27401250
31501293,27401293
31501295,27401295
31501300,27401300
31501460,27401460
31501493,27401490
31501495,27401490
31501510,27401510
31501530,27401530
31501553,27401550
31501556,27401550
31501559,27401550
31501570,27401570
31502100,27402100
31502200,27402200
31502300,27402300
31502400,27402400
31502530,27402500
31503200,27403200
31503300,27403300
31503430,27403930
31504100,27404100
31504230,27404230
31504250,27404250
31611000,29311000
31612130,29312130
31612150,29312150
31612170,29312170
31612230,29312230
31612250,29312250
31612270,29312270
31612310,29312310
31612330,27403910
31612350,29312350
31612370,29312370
31612430,29313030
31612450,29313080
31621110,27907010
31621130,27907030
31621153,26305020
31621155,29312330
31621157,26305080
31621173,27902020
31621175,27902050
31621190,27902080
31621210,25992995
31621230,23441230
31621250,27904050
31621270,27904060
31621290,27904060
31621330,27904010
31621350,27904030
31621370,28491283
31621380,27901150
31621380,28993960
31621430,27901230
31621450,27901280
31621530,27901330
31621550,27901350
31621570,27901370
31621590,27901390
31621630,27903330
31621650,27903350
31621670,27903370
31621690,27903390
31629100,33205090
31629200,33141900
32101100,27905100
32101230,27905220
32101250,27905220
32101273,27905240
32101275,27905240
32101277,27905240
32101279,27905240
32101300,27905300
32102020,27906080
32102035,27906035
32102037,27906037
32102055,27906055
32102057,27906057
32102070,27906080
32103050,26121020
32103070,26121050
32103090,26121080
32104135,26111100
32104137,26111100
32104139,26111100
32104150,26111100
32104200,26111200
32105125,26112120
32105155,26112150
32105157,26112150
32105170,26112180
32105235,26112220
32105237,26112240
32105250,26112260
32105270,26112280
32106100,26123000
32106203,26113003
32106206,26113006
32106223,26113023
32106226,26113027
32106234,26113034
32106254,26113054
32106265,26113065
32106267,26113067
32106280,26113080
32106291,26113091
32106294,26113094
32107100,27908100
32107200,27908200
32107320,26114040
32107330,26114040
32107350,26114070
32107370,26114090
32201130,26301200
32201160,26301100
32201290,26301300
32202020,26302100
32202020,26302330
32202025,26302200
32202035,26302310
32202045,26302320
32202080,26201800
32202095,26302370
32203040,26304040
32203080,26303000
32209100,33204200
32209200,
32209200,33131900
32301155,26401100
32301159,26401100
32301175,26401100
32301177,26401100
32301179,26401100
32301270,26401270
32301290,26401290
32302020,26402040
32302020,26403420
32302030,26402090
32302045,26403440
32302049,26403460
32302050,26402090
32302060,26402090
32302075,26402020
32302079,26402090
32302083,26403480
32302085,26402090
32303135,26403100
32303139,26403100
32303150,26403100
32303175,26403100
32303179,26403100
32303230,28232300
32303250,26302370
32303275,26403200
32303279,26403200
32303290,26403200
32303335,26403300
32303335,26701300
32303339,26403300
32303350,26403300
32303370,26403300
32304100,26404100
32304235,26404235
32304237,26404237
32304239,26404239
32304270,26404270
32304355,26404355
32304359,26404359
32304370,26404370
32304450,26302340
32304490,26404400
32305130,26114010
32305150,26405150
32305170,26405170
32305180,26405180
32305210,26304010
32305235,26304035
32305239,26304039
32305250,26304050
32305265,26304060
32305275,26304070
32305275,26405200
32305275,26518100
32309100,33204200
32309200,
32309200,33131900
33101115,26601115
33101119,26601119
33101135,26601130
33101139,26601130
33101150,26601150
33101170,26601170
33101210,26601230
33101230,26601280
33101250,26601300
33101330,32501130
33101350,32501150
33101400,32501200
33101511,32501311
33101513,32501313
33101515,32501315
33101517,32501317
33101520,32501320
33101533,32501333
33101535,32501335
33101553,32501353
33101555,32501355
33101563,32501363
33101565,32501365
33101573,32501373
33101579,32501379
33101653,32502130
33101655,32502180
33101690,32995910
33101735,32502235
33101739,32502239
33101753,32502253
33101755,32502255
33101759,32502259
33101790,32502290
33101833,26601433
33101839,26601439
33101850,26601450
33101890,32502300
33102030,32503030
33102050,32503050
33109100,33204100
33109200,33131200
33201130,26511120
33201155,26511150
33201159,26511180
33201215,26511215
33201215,28293960
33201219,26511270
33201219,28293960
33201235,26511235
33201239,26511239
33201253,26511270
33201255,26511270
33201257,26511270
33202030,26512020
33202050,26512050
33202070,26512080
33203150,26513100
33203180,26513100
33203230,26513200
33203253,26513200
33203255,26513200
33203259,26513200
33203310,26513310
33203330,26513330
33203355,28293975
33203359,28293979
33204100,26514100
33204200,26514200
33204310,26514310
33204330,26514330
33204355,26514355
33204359,26514359
33204400,26514400
33204520,26514520
33204530,26514530
33204555,26514555
33204559,26514559
33205115,32501340
33205119,26515110
33205135,26515135
33205139,26515139
33205150,26515150
33205175,26515175
33205179,26515179
33205235,26515235
33205239,26515239
33205255,26515255
33205259,26515259
33205271,26515271
33205274,26515274
33205279,26515279
33205283,26515283
33205289,26515289
33205313,26515313
33205319,26515319
33205320,26515320
33205330,26515330
33205340,26515390
33205350,26515350
33205381,26515381
33205383,26515383
33205385,26515390
33205389,26515390
33206100,26516100
33206210,26516210
33206233,26516230
33206235,26516230
33206239,26516230
33206255,26516255
33206259,26516259
33206330,26516330
33206350,26516350
33206370,26516370
33206430,26516430
33206453,26516453
33206455,26516455
33206470,26516470
33206510,28993970
33206520,26516620
33206530,26516630
33206540,26516630
33206550,26516650
33206570,26516670
33206583,26516683
33206589,26516689
33207015,26517015
33207019,26517019
33207030,26517030
33207050,26516500
33207090,26517090
33208110,26518600
33208120,26518200
33208130,26518200
33208141,26518600
33208143,26518200
33208145,26518200
33208147,26518200
33208150,26518200
33208170,26518520
33208190,26518200
33208200,26518300
33208333,26518433
33208335,26518435
33208350,26518450
33208400,26518550
33209100,33203900
33209100,33204100
33209100,33204200
33209200,33122990
33209200,33131110
33209200,33131900
33301000,33206000
33401130,32504130
33401153,32504153
33401155,32504155
33401159,32504159
33401170,32504170
33401250,32504250
33401290,32504290
33401350,32504350
33401390,32504390
33401400,32504400
33402115,27311200
33402119,27311200
33402130,26702180
33402153,26702153
33402155,26702155
33402170,26702170
33402190,26702180
33402230,26702230
33402250,26702250
33402273,26702270
33402275,26702270
33402279,26702270
33402310,26702310
33402330,26702330
33402355,26702390
33402359,26702390
33402410,26702410
33402430,26702430
33402450,26702500
33403100,26701100
33403230,26701250
33403270,26701250
33403310,26701400
33403335,26701400
33403339,26701400
33403350,26701400
33403390,26701400
33403430,26701530
33403450,26701550
33403530,26701600
33403550,26701600
33403590,26701600
33403615,26701700
33403619,26701700
33403619,27403100
33403630,26701700
33403650,26701700
33403670,26701700
33403690,26701700
33403700,26701800
33403813,26701900
33403815,26701900
33403833,26701900
33403835,26701900
33403850,26701900
33403870,26701900
33409200,33131300
33501113,26521100
33501119,26521100
33501130,26521100
33501150,26521100
33501213,26521200
33501215,26521200
33501217,26521200
33501230,26521200
33501250,26521200
33501300,26521300
33501413,26521400
33501419,26521400
33501433,26521400
33501439,26521400
33501443,26521400
33501450,26521400
33501460,26521400
33501475,26521400
33501479,26521400
33502133,26522100
33502135,26522100
33502137,26522100
33502150,26522100
33502235,26522200
33502239,26522200
33502290,26522200
33502330,26522300
33502350,26522300
33502370,26522300
33502400,26522400
33502500,26522500
33502613,26522600
33502615,26522600
33502619,26522600
33502630,26522600
33502654,26522600
33502657,26522600
33502700,32121400
33502700,32131000
33502810,26522700
33502830,26522700
33502850,26522700
33502870,26522700
33502910,26522810
33502930,26522830
33502950,26522850
33502970,26522870
33509100,33207000
33509200,33131120
34101130,29101100
34101130,30913100
34101130,399900Z1
34101150,29101100
34101150,30913100
34101150,399900Z1
34101200,29101200
34101200,30913200
34101200,399900Z2
34101300,29101300
34102133,29102100
34102136,29102100
34102230,29102230
34102250,29102250
34102310,29102310
34102330,29102330
34102340,29102340
34102353,29102353
34102355,29102355
34102430,29102400
34102490,29102400
34103033,29103000
34103035,29103000
34103053,29103000
34103055,29103000
34103059,29103000
34104110,29104110
34104130,29104130
34104140,29104140
34104230,29104200
34104250,29104200
34104290,29104200
34104400,29104300
34104500,29104400
34105100,28922900
34105200,29105100
34105300,29105200
34105410,29105990
34105430,29105930
34105450,29105950
34105490,29105990
34201030,29201030
34201050,29201050
34202100,29202100
34202230,29202210
34202293,29202210
34202295,29202230
34202297,29202250
34202300,29202300
34203030,29203030
34203050,29203050
34203070,29203070
34203090,29203090
34301100,28114100
34301200,28114200
34302010,29323010
34302020,29323020
34302033,29323033
34302036,29323036
34302040,29323040
34302050,29323050
34302061,29323061
34302063,29323063
34302065,29323065
34302067,29323067
34302080,29322050
34302090,29323090
34303030,29322030
34303090,29322090
35112130,30112130
35112130,30112150
35112190,30112130
35112190,30112150
35112230,30112210
35112230,30112230
35112230,30112250
35112230,30112270
35112290,30112210
35112290,30112230
35112290,30112250
35112290,30112270
35112330,30112300
35112390,30112300
35112470,30112410
35112470,30112430
35112470,30112450
35112470,30112470
35112470,30112490
35112480,30112410
35112480,30112430
35112480,30112450
35112480,30112470
35112480,30112490
35112490,30112410
35112490,30112430
35112490,30112450
35112490,30112470
35112490,30112490
35113130,30113130
35113130,30113150
35113190,30113130
35113190,30113150
35113230,30113200
35113250,30113200
35113290,30113200
35113330,30113330
35113350,30113350
35113370,30113330
35113370,30113350
35113393,30113350
35113393,30114030
35113395,30113350
35114000,30114050
35115000,30115000
35119100,33151010
35119200,30119100
35119350,30119200
35121130,30121100
35121151,30121100
35121157,30121100
35121234,30121200
35121237,30121200
35121330,30121930
35121355,30121930
35121357,30121930
35121393,30121970
35121395,30121970
35121397,30121970
35129000,33151030
35201100,30201100
35201200,30201200
35201330,30201300
35201390,30201300
35202030,30202000
35202090,30202000
35203100,30203100
35203200,30203200
35203330,30203300
35203350,30203300
35204030,30204030
35204055,30204070
35204058,30204070
35204059,30204050
35209100,33171100
35209200,30209100
35301100,30301100
35301210,30301200
35301230,30301200
35301250,30301200
35301270,30301200
35301300,30301300
35301430,28993965
35301450,30301400
35301500,30301500
35301600,30301600
35302250,30302000
35303130,30303100
35303150,30303100
35303200,30303200
35303300,30303300
35303400,30303400
35304000,30304000
35305030,30305030
35305050,30305050
35305090,30305090
35309100,33161000
35309230,30306030
35309250,30306050
35309270,30306070
35411100,30911100
35411213,30911200
35411215,30911200
35411230,30911200
35411250,30911200
35411270,30911200
35411300,30911300
35412030,30912030
35412090,30912090
35421030,30921030
35421050,30921050
35422013,30923010
35422015,30923010
35422019,30923030
35422023,30923090
35422025,30923090
35422027,30923090
35422033,30923090
35422039,30923090
35422040,30923090
35422053,30923090
35422055,30923090
35422063,30923090
35422065,30923090
35422067,30923090
35431130,30922030
35431190,30922090
35431200,30923070
35501000,30991000
36111110,30305010
36111130,29321000
36111155,31001155
36111159,31001159
36111170,31001170
36111190,31001190
36111210,31001210
36111230,31001230
36111250,31001250
36111290,31001290
36111300,31001300
36111410,31001400
36111430,30305010
36111430,31001400
36121110,31011110
36121130,31011140
36121150,31011140
36121173,31011170
36121175,31011170
36121190,31011170
36121230,31011200
36121250,31011200
36121270,31011200
36121290,31011200
36121300,31011300
36131050,31021000
36131090,31021000
36141100,31091100
36141230,31091230
36141250,31091250
36141300,31091300
36141430,31091430
36141450,31091450
36141530,31002030
36141550,31002050
36141590,31002090
36151100,31031100
36151230,31031230
36151250,31031250
36151270,31031270
36151290,31031290
36211000,32111000
36221110,32121100
36221130,32121100
36221150,32121100
36221170,32121100
36221230,32121200
36221250,32121200
36221330,32121330
36221351,32121351
36221353,32121353
36221355,32121355
36221430,32121400
36221450,32121400
36221470,24413070
36301110,32201110
36301130,32201130
36301150,32201150
36301235,32201200
36301239,32201200
36301250,32201200
36301290,32201200
36301310,32201310
36301330,32201340
36301350,32201340
36301410,32201370
36301440,32201370
36301510,32201400
36301533,32201400
36301537,32201400
36301540,32201400
36301550,32201400
36301590,32201400
36301630,32201510
36301650,32201530
36301730,32201600
36301750,32201600
36301813,32202000
36301817,32202000
36301830,32202000
36301891,32202000
36301897,32202000
36309200,
36401133,32301131
36401135,32301131
36401137,32301137
36401153,32301150
36401155,32301150
36401157,32301150
36401200,32301300
36401300,32301400
36401410,32301510
36401430,32301530
36401450,32301550
36401463,32301560
36401465,32301560
36401480,32301580
36401490,32301590
36401530,32301600
36401550,32301600
36501100,32401100
36501230,32401200
36501250,32401200
36501300,32401300
36502020,32402000
36502095,32402000
36502097,32402000
36503100,32403100
36503250,32403200
36503290,32403200
36503310,32403920
36503330,32403920
36503343,32403920
36503349,32403920
36503350,32403920
36503363,32403940
36503373,32403960
36503390,32403990
36504100,32404100
36504200,26406000
36504310,32404210
36504330,32404230
36504355,32404250
36504359,28993975
36611030,32131000
36611050,32131000
36611090,32131000
36621110,32911110
36621130,32911130
36621150,32911150
36621190,32911190
36621210,32911210
36621235,32911235
36621237,32911237
36621250,32911250
36621270,32911270
36621330,32911930
36621350,32911950
36621370,32911970
36631000,28993200
36632113,32991210
36632115,32991210
36632117,32991210
36632119,32991210
36632130,32991230
36632150,32991250
36632230,32991330
36632255,32991350
36632259,32991350
36632310,32991410
36632335,32991430
36632339,32991430
36632353,32991450
36632355,32991450
36632410,32991510
36632430,32991530
36632450,32991550
36632510,32991610
36632530,32991630
36632550,32991650
36632570,32991670
36633130,32992130
36633150,32992150
36633200,16291490
36633200,32992200
36633333,32992300
36633335,32992300
36633337,32992300
36633339,32992300
36633350,32992300
36633430,32992430
36633450,32992450
36634000,22231500
36635030,32993000
36635050,32993000
36636110,32994110
36636140,32994130
36636170,16291180
36636210,32994210
36636230,32994230
36636300,20512000
36636400,32994300
36637130,32995130
36637150,32995150
36637230,30924030
36637250,30924050
36637315,22292910
36637319,32995220
36637330,32995250
36637350,32995280
36637370,13991900
36637400,32995300
36637500,32995400
36637650,32995500
36637690,32995500
36637710,32995920
36637720,10125000
36637730,32995930
36637740,32995940
36637750,32995950
36637770,32995960
36637790,32995970
399900Z0,399900Z0
