UNU_Key,Year,Exp_kg,Exp_sup,Imp_kg,Imp_sup,Avg
0101,2012,16083808.0,272025,14122994.0,511273,38.56361435877533
0101,2013,18486697.0,319293,16074478.0,406477,47.62001047163702
0101,2014,19587367.0,389919,16916084.0,403866,45.98657193068652
0101,2015,24443917.0,619336,12804760.0,716404,27.886173207360713
0101,2016,19201709.0,370462,9763074.0,393959,37.891139830015135
0101,2017,22555154.0,579264,13619087.0,495573,33.6555598662867
0101,2018,28138288.0,626413,37001441.0,1137522,36.9286447629873
0102,1993,121321400.0,2382454,86036900.0,1773627,49.89274751863594
0102,1994,138700700.0,2731929,95762600.0,1975771,49.804214372198736
0102,1995,180039800.0,3566499,113522900.0,2307193,49.97924644329325
0102,1996,197332500.0,3883583,127603600.0,2562272,50.4100852408253
0102,1997,229758300.0,4633535,162281500.0,3382476,48.907093565615114
0102,1998,242757200.0,4854559,149836600.0,3174929,48.89400170969805
0102,1999,272001700.0,5594360,206367500.0,4545473,47.17722668608053
0102,2000,298164000.0,6077907,227615800.0,5040057,47.291014793715824
0102,2001,298167900.0,6094313,256275300.0,5715226,46.948758965104396
0102,2002,304022400.0,6278455,210864600.0,4482205,47.84901669600192
0102,2003,314869000.0,6550733,221491300.0,4646559,47.900894251931625
0102,2004,344072000.0,7460356,238635700.0,5173459,46.12286154261401
0102,2005,363618800.0,7806165,315548400.0,7005812,45.85256917425675
0102,2006,245034300.0,8354600,229665900.0,8043448,28.94857973339266
0102,2007,257505400.0,9962356,267366100.0,8597522,28.2799003312414
0102,2008,260013500.0,9208463,273145600.0,8702401,29.76735795660109
0102,2009,242208800.0,5628263,237090400.0,5796990,41.95086095686459
0102,2010,348854530.0,7920608,369977017.0,8835934,42.89856146930554
0102,2011,341649416.0,7887113,339508238.0,9130342,40.0269989842782
0102,2012,334918728.0,8130525,340308136.0,8962013,39.50418972302416
0102,2013,348803046.0,8281747,280841845.0,7159305,40.77733116888668
0102,2014,545706354.0,13036257,424373897.0,10471195,41.26692467563052
0102,2015,405168250.0,9770860,440935964.0,11070586,40.59719340011245
0102,2016,417051474.0,10315447,461702385.0,11751200,39.82271792357035
0102,2017,444373336.0,11148358,491795306.0,12569562,39.47094188697829
0102,2018,426405133.0,10495378,497989146.0,13352555,38.76202935491307
0103,1993,64042600.0,1785694,63268200.0,1707249,36.448003875242165
0103,1994,87879600.0,2394779,90108600.0,2397624,37.13965624343362
0103,1995,106832700.0,2908847,106684000.0,2935608,36.53320968336654
0103,1996,119630500.0,3207206,111827300.0,3194413,36.15613487775514
0103,1997,131483600.0,3571556,120612900.0,3276650,36.81204975434442
0103,1998,138565300.0,3784203,129290500.0,3589239,36.32710476328423
0103,1999,175407100.0,4520481,127480300.0,3458210,37.962041643171794
0103,2000,199775700.0,5148998,137909200.0,3703846,38.14422800175853
0103,2001,209084900.0,5375670,183145300.0,4954155,37.9706529394254
0103,2002,219781200.0,5808104,173590200.0,4712529,37.39046880544165
0103,2003,229747300.0,6138221,214112500.0,5589749,37.84625983865921
0103,2004,234370300.0,6066712,217640300.0,5744483,38.269675507008394
0103,2005,286031500.0,7473582,246450600.0,6593523,37.85299818263957
0103,2006,197381400.0,8369195,215583400.0,17716350,15.831173931769492
0103,2007,243544000.0,9448668,230284100.0,9144983,25.48332761543174
0103,2008,262095800.0,46788850,240588200.0,8837288,9.036830850993107
0103,2009,208181300.0,5698161,213923400.0,6699186,34.0479862344742
0103,2010,299331039.0,8490117,274906891.0,8526016,33.746676169021484
0103,2011,296865110.0,8468103,282994904.0,8530206,34.112805809095484
0103,2012,311929938.0,8749660,297398523.0,8693286,34.932657648541706
0103,2013,314204672.0,9504796,273723735.0,8093811,33.40766726593758
0103,2014,418257236.0,10873205,353557973.0,9969931,37.02970651825138
0103,2015,369569155.0,10547779,379807986.0,10707167,35.2566005578184
0103,2016,369956919.0,9932105,402303230.0,11399877,36.20198765403046
0103,2017,355510986.0,9502814,405688213.0,11720126,35.866811996829846
0103,2018,390973018.0,10949426,436740168.0,12522607,35.26380463081319
0104,1993,20126100.0,281796,24902800.0,451988,61.36533366767332
0104,1994,580874100.0,8000858,348904400.0,5258100,70.12455277405661
0104,1995,650566000.0,9046123,412520100.0,6123539,70.07974864568506
0104,1996,724896400.0,10278759,405211300.0,5920285,69.76385149642164
0104,1997,813451400.0,11512983,449124100.0,6932022,68.45080822694274
0104,1998,825793700.0,11687984,441776000.0,6596215,69.32596281630931
0104,1999,851104900.0,11859533,525956500.0,7815529,69.9901936776616
0104,2000,987484300.0,13909496,768195200.0,11177552,69.98350304109117
0104,2001,1081365700.0,15301865,759306900.0,13813075,63.2208962134217
0104,2002,1200754700.0,16532200,870413000.0,14384264,66.99238632205805
0104,2003,1251658300.0,17338718,885947200.0,13049554,70.34310802535926
0104,2004,1420820800.0,19784682,969768800.0,14483438,69.76132918876203
0104,2005,1379115400.0,19707782,1081604400.0,15702199,69.49226547170414
0104,2006,815046200.0,19454086,838769400.0,16554730,45.92807494697965
0104,2007,821787900.0,19391763,906296900.0,17855321,46.39517015613893
0104,2008,832275600.0,17379432,875321600.0,17340017,49.182727525428184
0104,2009,707897400.0,10723705,839646600.0,13097434,64.9651555284573
0104,2010,1102664267.0,16024116,1181618733.0,18014286,67.10899647991701
0104,2011,1011084687.0,14804873,1051699842.0,15913058,67.15245662215987
0104,2012,1012274485.0,15303235,1035656169.0,16620757,64.15020571362128
0104,2013,1002581854.0,15448673,987725394.0,14795667,65.8075940159382
0104,2014,1159462283.0,17122967,1284223922.0,19793304,66.19536965150137
0104,2015,1128471089.0,16651928,1323933434.0,19950236,67.00162654317378
0104,2016,1097121935.0,16234295,1385970108.0,21887982,65.13493522435714
0104,2017,1053884172.0,15730779,1407788105.0,21667867,65.8224973438878
0104,2018,984480490.0,14771944,1413783986.0,24888102,60.470541965584204
0105,1993,1780300.0,146987,1891000.0,108946,14.344769920252567
0105,1994,1609600.0,136771,1906500.0,119059,13.743892428565845
0105,1995,1902800.0,135441,1664300.0,100596,15.112461181933341
0105,1996,2082200.0,1654548,1738500.0,110635,2.164478130596091
0105,1997,2218000.0,2055383,1711200.0,99634,1.8232802803875794
0105,1998,1583800.0,130431,1756900.0,92626,14.976889315287124
0105,1999,1433100.0,216551,2919300.0,208262,10.245449174107195
0105,2000,3185900.0,179396,4852700.0,194285,21.511931299691447
0105,2001,4009200.0,264208,5875700.0,226414,20.147690075047592
0105,2002,3281300.0,159393,8489300.0,339308,23.602519345258983
0105,2003,3161200.0,147925,8837700.0,323989,25.426031014125456
0105,2004,2605800.0,108566,10034100.0,350536,27.531790321105113
0105,2005,2777700.0,240802,10134000.0,336784,22.3545930822423
0105,2006,1217800.0,92484,8284200.0,318325,23.129970375527314
0105,2007,1066500.0,48817,6656100.0,299659,22.16106704622413
0105,2008,1201500.0,87207,5259000.0,221862,20.903099307921533
0105,2009,1395700.0,403855,4638400.0,165632,10.595676459690916
0105,2010,1318707.0,60030,5530054.0,206423,25.703448638221374
0105,2011,1179670.0,226203,4618826.0,199119,13.63319085304781
0105,2012,1094844.0,195256,5349648.0,179623,17.19085891714393
0105,2013,1789111.0,46957,3705989.0,203228,21.96414653156664
0105,2014,1374442.0,38011,3741588.0,126758,31.049712021071926
0105,2015,1512703.0,47635,4284779.0,210920,22.422625746939723
0105,2016,1443044.0,43228,4047401.0,144155,29.30065694326593
0105,2017,1679921.0,54612,4764455.0,198388,25.4718418972332
0105,2018,1440866.0,47973,3269471.0,152518,23.49400721229382
0106,1993,107071600.0,14430353,70432900.0,9468755,7.427243728092279
0106,1994,118115400.0,15471811,77815500.0,11198842,7.3463105683989065
0106,1995,145005800.0,17195893,88346200.0,12515472,7.853964299519729
0106,1996,154601700.0,19619109,97617700.0,13728982,7.563233529619431
0106,1997,185963200.0,23056905,105282400.0,16114567,7.435145659065353
0106,1998,178618300.0,22697670,105190800.0,17462509,7.066928162845091
0106,1999,183810500.0,21834484,122756900.0,19203948,7.470251300049671
0106,2000,212406600.0,25092125,141023200.0,21333841,7.612761358589717
0106,2001,215422600.0,26414340,156726400.0,21924026,7.698832848425203
0106,2002,222878500.0,26255820,178170200.0,27285739,7.490418797853832
0106,2003,227833200.0,26565222,203956400.0,32771321,7.27695915820374
0106,2004,210458200.0,25671565,225856700.0,36614092,7.005062176674158
0106,2005,206814000.0,25224030,240593500.0,40842375,6.772087871286473
0106,2006,118829500.0,27159337,211614400.0,47534522,4.423976809124295
0106,2007,111861700.0,25166764,218844200.0,47221363,4.568510247543772
0106,2008,109417500.0,26896841,201999600.0,48658753,4.121694814549403
0106,2009,101799500.0,28143901,206321200.0,56555958,3.637794721712583
0106,2010,169970714.0,34652883,270192196.0,66772722,4.339761246679278
0106,2011,162064503.0,38013364,288214514.0,64909183,4.374930762255621
0106,2012,161600513.0,37068307,241648157.0,56410674,4.31378974916297
0106,2013,166890487.0,35728372,256844368.0,59837667,4.433948078563767
0106,2014,172475465.0,28472119,261351059.0,53307803,5.3048048150498355
0106,2015,166746053.0,25973098,251753626.0,46777709,5.752509095878483
0106,2016,165068387.0,27054734,257924947.0,52841535,5.294281438849166
0106,2017,191387531.0,30061467,313144932.0,62394102,5.457026206825897
0106,2018,195181844.0,31254237,345370944.0,67600295,5.468163948214332
0108,1993,151052400.0,3693182,183940900.0,4173198,42.58544591031707
0108,1994,191084400.0,4486207,198388900.0,4607754,42.827685317761976
0108,1995,210588100.0,5008413,209534100.0,4873851,42.512748090923296
0108,1996,193428200.0,4710075,221188300.0,5248947,41.6322506366589
0108,1997,209989600.0,4864686,226475700.0,5366920,42.65853278556661
0108,1998,243979500.0,5576944,260093900.0,6195022,42.81981446429594
0108,1999,286431400.0,6765878,303338200.0,7150042,42.3809277431891
0108,2000,294718700.0,6943432,338453900.0,7603155,43.527227383303035
0108,2001,288809100.0,6922393,351767400.0,8177732,42.42193359326496
0108,2002,314801300.0,7226612,373800300.0,10182401,39.55431591670361
0108,2003,327308400.0,7595744,441591400.0,10638072,42.16889103191564
0108,2004,358264100.0,7965156,455351200.0,11864610,41.030000051437824
0108,2005,352774900.0,8206331,479343600.0,11503582,42.218273616935804
0108,2006,484969300.0,15321056,906317500.0,21411464,37.87615987141639
0108,2007,615586000.0,16081584,912452800.0,25784140,36.49856383709022
0108,2008,540396900.0,12685622,819399100.0,23470528,37.608982151031014
0108,2009,492111100.0,10869106,839568200.0,17893845,46.298423969084396
0108,2010,664203051.0,12357560,1048401449.0,20690269,51.82199714238415
0108,2011,632848980.0,12147486,946079796.0,19167791,50.42039947467174
0108,2012,636178996.0,11461160,960549786.0,19699614,51.24162775931047
0108,2013,673804663.0,12037989,905025307.0,19895016,49.441947915644015
0108,2014,1206182939.0,22618820,1127018332.0,21953185,52.34678742856643
0108,2015,774781422.0,13511158,1193643538.0,22847251,54.1394690840295
0108,2016,737535914.0,13001210,1242944039.0,24566368,52.717797058942686
0108,2017,734864213.0,13349529,1273723618.0,25502689,51.69815095241152
0108,2018,743453912.0,13796217,1270200881.0,25426396,51.33912911411588
0109,2006,189721500.0,4922509,150047400.0,6004837,31.093451236924317
0109,2007,200836200.0,5232648,180347300.0,6217994,33.28926884623587
0109,2008,169754300.0,4629747,167907600.0,5516926,33.278090266632226
0109,2009,148740200.0,3103873,161655500.0,3599908,46.30158711926896
0109,2010,191029633.0,3977366,223465458.0,4871545,46.841367372776155
0109,2011,182520044.0,3752392,212350689.0,4853381,45.88440027409508
0109,2012,183288405.0,3645326,187985532.0,4131789,47.739288540802086
0109,2013,186324028.0,3777159,173209170.0,3702323,48.06926442232229
0109,2014,307292644.0,5841050,242785895.0,5339377,49.20013689995919
0109,2015,188573504.0,3570500,244037410.0,5343181,48.533362816102574
0109,2016,178883957.0,3428484,241193007.0,5278739,48.2446543519099
0109,2017,176460339.0,3363431,250545166.0,5526978,48.029905598268876
0109,2018,174759457.0,3272327,259026402.0,5647201,48.63327510155246
0113,1993,11351600.0,101698,10926500.0,187513,77.0306108688812
0113,1994,14790600.0,107394,12293500.0,343433,60.07648166591619
0113,1995,89440200.0,610131,42489000.0,433608,126.40056565865605
0113,1996,97760900.0,689602,48341600.0,325003,143.99938892475396
0113,1997,100889000.0,825323,38122600.0,248433,129.46293198827294
0113,1998,140041900.0,1002931,64511700.0,427504,143.0009752278153
0113,1999,132943900.0,1057394,74708800.0,601874,125.14717333185477
0113,2000,144205100.0,1075223,84837400.0,585898,137.88429620719984
0113,2001,143075600.0,1216454,76420400.0,657010,117.16051122412814
0113,2002,171769800.0,1190115,118652800.0,8049837,31.43118059487755
0113,2003,158213100.0,1341869,129094300.0,971317,124.20419283187776
0113,2004,183018300.0,1397596,129528800.0,1273189,117.02443289145326
0113,2005,172273500.0,1594388,131283700.0,1266424,106.10875513665351
0113,2006,149697800.0,1903263,124100100.0,1973810,70.61974329603801
0113,2007,172982800.0,3014751,143044500.0,2361404,58.7831452032168
0113,2008,145621400.0,2424879,137522400.0,1990013,64.13379987551224
0113,2009,146636400.0,2444339,108209200.0,1683293,61.7413567876206
0113,2010,302753907.0,2828682,226894522.0,4430122,72.96634941513781
0113,2011,288943186.0,3066278,245312843.0,4518443,70.43845502029673
0113,2012,272519139.0,3639646,215185468.0,3564890,67.69410368689948
0113,2013,273143500.0,2506689,224069051.0,3259324,86.2316042298205
0113,2014,367844621.0,3315098,258522342.0,4959390,75.69857651615423
0113,2015,287464649.0,2866372,264905640.0,4391773,76.10350702555543
0113,2016,308941876.0,3048568,272124846.0,5002586,72.17185536383977
0113,2017,349044787.0,3372441,311087509.0,5170872,77.26888807655766
0113,2018,356060020.0,6394113,338650528.0,5273906,59.53971689624434
0114,1993,51147000.0,2677828,109604900.0,6289286,17.92682684752307
0114,1994,58384100.0,3152370,98144000.0,5787969,17.508072121202563
0114,1995,85568900.0,4873375,114870800.0,6755825,17.235897568190417
0114,1996,104301300.0,6177771,117746000.0,6929540,16.94072109832444
0114,1997,118130100.0,6865593,116890900.0,7542266,16.312000277071007
0114,1998,135086400.0,7923786,130266000.0,8534448,16.122774776443208
0114,1999,109759600.0,6729406,146110000.0,9930359,15.358535969745072
0114,2000,134754100.0,8113892,167241200.0,12026329,14.994636851303667
0114,2001,116145200.0,6988004,166457900.0,12145437,14.770113750056773
0114,2002,112346400.0,6990624,205747600.0,14541330,14.773113485195074
0114,2003,98861100.0,5888863,256833600.0,18158439,14.791459765423996
0114,2004,85537700.0,5047742,280198100.0,19209485,15.077395285124718
0114,2005,74524200.0,4497133,280370200.0,19691194,14.672135034390761
0114,2006,59422800.0,4301193,251652700.0,20344563,12.62186885238984
0114,2007,60695500.0,4821892,273750200.0,21812081,12.55710892250285
0114,2008,52405200.0,4793656,220200500.0,18320275,11.79399990421361
0114,2009,51515900.0,3886073,216504900.0,17704929,12.413541529939184
0114,2010,51102214.0,3872829,230668109.0,18358741,12.674333076791248
0114,2011,59476527.0,3701646,217460027.0,17268240,13.206392919827985
0114,2012,55738317.0,4317825,209568697.0,16810608,12.556871302287302
0114,2013,75099446.0,5263130,228380590.0,18098390,12.990594618843295
0114,2014,67822097.0,4600725,239717411.0,18982882,13.040393184978024
0114,2015,55935258.0,4298410,242550998.0,18706285,12.975014708953976
0114,2016,58422226.0,4479988,248149454.0,19572851,12.745758619180048
0114,2017,66322586.0,5102650,250010066.0,19624221,12.793072443335026
0114,2018,59737010.0,4457548,252299429.0,20171070,12.669669041113066
0201,1993,25717600.0,15369063,35449000.0,739513084,0.08102801244284825
0201,1994,21747800.0,14898302,34113200.0,34321145,1.1349375786363467
0201,1995,30348800.0,75732831,64185000.0,585332258,0.14300225737680727
0201,1996,34522500.0,89786543,73266000.0,321516457,0.26206592220333913
0201,1997,33944300.0,87564825,77209500.0,327088472,0.2680644307043819
0201,1998,42218700.0,107312855,92611300.0,378721445,0.27740840512696324
0201,1999,49163700.0,143176520,113054900.0,429744463,0.28314305953775826
0201,2000,50839100.0,123455270,120733500.0,424966875,0.31284768779714395
0201,2001,48908600.0,135704895,110565400.0,417781285,0.2881264352436045
0201,2002,48644200.0,350633608,117807300.0,425051626,0.21458639755413986
0201,2003,53939100.0,465584672,140143300.0,475746028,0.20617876374370878
0201,2004,56787500.0,240219362,158391900.0,504208216,0.2890535041408689
0201,2005,60446500.0,189589979,170763700.0,471027335,0.3499911296602801
0201,2006,34470200.0,192049755,145357200.0,520951939,0.25221174299201593
0201,2007,37694100.0,159316252,153679900.0,491158016,0.2942068724538693
0201,2008,30081000.0,145382293,141034700.0,413915603,0.30594733365490795
0201,2009,38365000.0,139513290,137532800.0,381831590,0.337392399441997
0201,2010,49279918.0,134133653,160261494.0,417687818,0.37972681929224894
0201,2011,92095358.0,167526762,234333194.0,469862899,0.5121334279063557
0201,2012,86251320.0,159354383,215580941.0,404940486,0.5348839367171351
0201,2013,89095103.0,152912738,222771215.0,429878387,0.5351253727482552
0201,2014,104436388.0,161248727,239376202.0,457228051,0.5559021813426922
0201,2015,110989515.0,169058110,234093147.0,442513046,0.5642559473488314
0201,2016,111391602.0,159652962,238826553.0,429987736,0.59395180181406
0201,2017,110492931.0,160374285,243652549.0,400187942,0.6317683620876581
0201,2018,109970749.0,148388349,237620102.0,370696248,0.6696227416665188
0202,1993,64392500.0,35424814,71921900.0,38218677,1.8510040486809622
0202,1994,92702100.0,38314003,91464000.0,45391353,2.2001710380396684
0202,1995,106096500.0,42446758,115691900.0,57808519,2.212236668599499
0202,1996,110677900.0,41559533,130280100.0,54407901,2.510830913745177
0202,1997,120290300.0,46521302,139177600.0,62933359,2.3705514011870177
0202,1998,125043600.0,48028309,143716200.0,66912955,2.338235988078224
0202,1999,142002000.0,54102238,184877000.0,79816341,2.4408786476146824
0202,2000,139759200.0,48386596,201235100.0,78366187,2.6902312669537203
0202,2001,144128300.0,48578624,188636200.0,83607968,2.517384667879175
0202,2002,151199200.0,49966347,217030000.0,87117121,2.6861678171141685
0202,2003,156052300.0,50483082,275787300.0,110488384,2.682708996388217
0202,2004,239050800.0,104496879,418896700.0,182265005,2.294403603513778
0202,2005,223194300.0,1000237345,442121600.0,189538104,0.5591945106609777
0202,2006,133458000.0,101520592,376434600.0,227759600,1.5485067501418366
0202,2007,142595000.0,110325614,406067700.0,273963081,1.4277357287338364
0202,2008,144830800.0,95454850,406172700.0,232900327,1.678071608415664
0202,2009,134649200.0,79966433,382034200.0,212644149,1.765771410139911
0202,2010,218450781.0,94685710,495406272.0,253366606,2.05100503626587
0202,2011,292297654.0,113364756,571834476.0,264127961,2.289135898746359
0202,2012,291640319.0,108229130,553671261.0,246813582,2.3808729243821234
0202,2013,329177518.0,105890583,592215778.0,249790220,2.5905061173627635
0202,2014,380420082.0,125380267,688346429.0,280124550,2.6356444268823567
0202,2015,405250108.0,131184631,730050311.0,305148569,2.6019116102098123
0202,2016,419807584.0,140887421,732303557.0,305763539,2.5794440047772427
0202,2017,418027506.0,142058354,731907581.0,313274594,2.525481830495605
0202,2018,445875090.0,144444895,758221238.0,320623714,2.5890724609194167
0203,1993,22998700.0,13178014,25118100.0,11914652,1.9175642795388899
0203,1994,29553100.0,13967830,28052300.0,13009391,2.135334844163526
0203,1995,36756500.0,14676459,37622600.0,16478697,2.3873769080148404
0203,1996,30462400.0,13688831,37458000.0,17355543,2.18784891587764
0203,1997,31757600.0,13216788,40369400.0,18321794,2.2869449235225603
0203,1998,30403200.0,12056356,43154200.0,19809274,2.3083617050722047
0203,1999,34210900.0,15383305,58913100.0,26361645,2.230784801514914
0203,2000,38724300.0,15960474,64672100.0,27463870,2.381069936255111
0203,2001,35953400.0,14587888,63775800.0,111164812,0.793058121217278
0203,2002,42344600.0,19052714,76056000.0,35400393,2.174358939702008
0203,2003,49533700.0,19566801,87133400.0,38051902,2.3719225335565084
0203,2004,71628000.0,24151076,102799100.0,41439606,2.659327433125333
0203,2005,67703200.0,24409333,120707400.0,44723248,2.7253517411710697
0203,2006,44999600.0,24922493,105329100.0,46176059,2.1143707680572734
0203,2007,49039600.0,24360690,114084500.0,45814556,2.3245248046583264
0203,2008,49612100.0,23684766,107989300.0,46175825,2.2559414076528497
0203,2009,51157700.0,21119274,110660900.0,41636445,2.578547462742001
0203,2010,54244779.0,19081010,127406791.0,44547069,2.8548963422265192
0203,2011,167689049.0,48722693,249545250.0,87683614,3.0587610512760235
0203,2012,208918866.0,51723317,251857065.0,91068587,3.2269051542305927
0203,2013,212359710.0,55526909,311579471.0,101470579,3.337245631598895
0203,2014,256215193.0,63394178,351099472.0,108856088,3.525769098086618
0203,2015,252891509.0,61594747,365552925.0,111700491,3.5687329965754744
0203,2016,260658288.0,62428264,395776770.0,121401042,3.570894501445814
0203,2017,283600637.0,68469288,416663802.0,133612428,3.465253823359259
0203,2018,298579770.0,77542540,452573499.0,136708492,3.5059493622415783
0204,2007,116972300.0,23913870,283177100.0,55293842,5.0518994918070605
0204,2008,112317100.0,30881723,278663100.0,54414384,4.583798883107291
0204,2009,108436000.0,30408658,264279400.0,51043109,4.575903184519005
0204,2010,138892083.0,29550348,319996788.0,57001517,5.301894661657493
0204,2011,157565130.0,28472168,309933289.0,56772082,5.484222325846025
0204,2012,164223436.0,26998764,301231182.0,53651000,5.771307873882929
0204,2013,172745181.0,30245010,324851558.0,58813389,5.58730837952746
0204,2014,201797021.0,30804620,338946884.0,60504875,5.9220993939348805
0204,2015,196444032.0,31186841,344152506.0,65020168,5.619097232302482
0204,2016,216581199.0,35335719,342967222.0,68176976,5.405601902259428
0204,2017,229056488.0,37055406,371796368.0,73703989,5.42484776122152
0204,2018,257213284.0,44638585,421983286.0,89281540,5.07165424166084
0205,1993,41900.0,10692,117200.0,1057,13.541578006638863
0205,1994,251100.0,28497,733600.0,619616,1.5193338198740034
0205,1995,789100.0,279113,2278900.0,659206,3.269676943555443
0205,1996,1135400.0,641314,639700.0,392264,1.717432066084998
0205,1997,8106100.0,14026073,10574300.0,17605713,0.5905578648009315
0205,1998,8538400.0,14604267,11845000.0,19147920,0.6039134590004493
0205,1999,10830200.0,18654499,15020700.0,23478806,0.6135502543652818
0205,2000,13701800.0,21583961,16253400.0,26758872,0.6196409713928019
0205,2001,13622800.0,21614509,17717900.0,28792153,0.6217571002817048
0205,2002,16596700.0,26264247,20286000.0,33187058,0.6203850361232609
0205,2003,18083800.0,29006924,24691500.0,40725997,0.6134161510314475
0205,2004,19360100.0,32633442,26580300.0,43078857,0.60677592157121
0205,2005,19741400.0,31047964,27711700.0,38756860,0.6797968575925354
0205,2006,16029100.0,34524586,21912800.0,48036512,0.4595614753088676
0205,2007,15375300.0,33455230,20286000.0,43380338,0.4641248959075828
0205,2008,7314600.0,19708085,20879900.0,45855213,0.430034803923378
0205,2009,14774200.0,29553250,21330900.0,44837170,0.4853460969839934
0205,2010,18769842.0,39689464,25064115.0,50637103,0.4852831061319977
0205,2011,25399922.0,46703927,54145723.0,93385049,0.5678223031625272
0205,2012,32619757.0,48093695,55413609.0,100506817,0.5924163033839345
0205,2013,30039303.0,46120607,58217627.0,101969592,0.5959673941690091
0205,2014,32721725.0,47353743,61531096.0,100031660,0.6394990214872228
0205,2015,37018805.0,52429667,64359796.0,106767686,0.6368108457180189
0205,2016,41594473.0,63066778,71046568.0,125683355,0.5967733066445045
0205,2017,44361662.0,69462776,76135733.0,136801439,0.5841895308888165
0205,2018,45468288.0,79753936,76985033.0,136744847,0.565607433460723
0301,1993,4691300.0,17821486,12584500.0,63955018,0.21125627967661714
0301,1994,5882300.0,23440116,12646400.0,67921756,0.20280560801118436
0301,1995,7480700.0,57594374,15706600.0,141387722,0.11652957962609863
0301,1996,1920100.0,2745739,4968700.0,9878636,0.5456745383434823
0301,1997,1712000.0,2675829,4852800.0,9630077,0.5334674261285597
0301,1998,2407200.0,8963111,5782100.0,15159207,0.3394905912441748
0301,1999,2730900.0,3965708,7828100.0,15303451,0.5479740968456381
0301,2000,6310800.0,22694271,20529300.0,94566154,0.22889308136142267
0301,2001,9602700.0,57831060,32649700.0,261618805,0.13226613822485103
0301,2002,5132500.0,18033119,20490400.0,99356846,0.21827163846586034
0301,2003,4637500.0,16331804,13760100.0,65086673,0.2259634505322422
0301,2004,3391200.0,13547793,14466400.0,69058766,0.21617653871770642
0301,2005,3728100.0,17723948,15271000.0,88224428,0.17932412668600037
0301,2006,38808300.0,67750055,85849900.0,178650763,0.505916339936826
0301,2007,43530800.0,74893406,90215700.0,325610430,0.3339456154422451
0301,2008,19984500.0,78079276,99825300.0,180730185,0.4629266624839499
0301,2009,29639900.0,60515778,69941500.0,169288775,0.43333084005520117
0301,2010,24841145.0,59942105,70000189.0,149443501,0.45295059107358127
0301,2011,226412417.0,354113706,374906745.0,699858745,0.570526451075143
0301,2012,192843883.0,306565328,324040740.0,623722900,0.555617718727061
0301,2013,195899205.0,259822335,342348624.0,588842998,0.634228603514785
0301,2014,182027299.0,247534042,297914122.0,548173487,0.6031631014012939
0301,2015,221598555.0,275003106,391493406.0,596927954,0.7031427014424741
0301,2016,207369116.0,272321624,328869988.0,549676700,0.6523603374159678
0301,2017,196504055.0,273191757,301211690.0,514739135,0.6316743638984014
0301,2018,190557068.0,278289193,349388865.0,538292697,0.6612269260588182
0302,2006,176062300.0,41507295,226275900.0,48064180,4.491811706796165
0302,2007,274503100.0,56858151,239592000.0,39834831,5.31677779882722
0302,2008,238978300.0,37073165,233825500.0,57338076,5.007918495637612
0302,2009,268852000.0,33026529,245955800.0,43392221,6.736668684059867
0302,2010,287621576.0,33053921,318162045.0,38803302,8.430378961346724
0302,2011,263626759.0,30908777,294346356.0,37200709,8.19229666481406
0302,2012,168563212.0,26134686,266966203.0,34198311,7.218759827230197
0302,2013,210219188.0,27905808,263692096.0,36606147,7.346100176316157
0302,2014,223525159.0,36696532,333544956.0,43825015,6.918273875190202
0302,2015,200795768.0,36801312,332939939.0,46166571,6.433039963186719
0302,2016,229733401.0,53886202,345402519.0,50510406,5.509143745360002
0302,2017,254647968.0,43916791,311579778.0,56403414,5.644204435188305
0302,2018,270162777.0,45080792,357523971.0,59334358,6.011452820783191
0303,1996,12160500.0,3085438,17598300.0,4611958,3.8660866609954847
0303,1997,12103700.0,2627238,18239400.0,4569379,4.216300520091593
0303,2000,25141900.0,5897245,45661000.0,13883053,3.5794657896458384
0303,2001,32055600.0,9191289,48799800.0,14101230,3.4713033828586766
0303,2002,36871300.0,7893704,54287900.0,14702649,4.034243933080705
0303,2003,58211500.0,10741221,89288700.0,21948008,4.512195744965413
0303,2004,50234000.0,11878915,95514200.0,24698427,3.9846580432224954
0303,2005,76216800.0,24479991,167056500.0,41005127,3.7149402403153644
0303,2006,53633900.0,23821698,122401900.0,42648485,2.6483423402038775
0303,2007,75961800.0,31483354,151971800.0,54718407,2.644187280582354
0303,2008,74238400.0,47678787,237226400.0,86663914,2.3184348511795965
0303,2009,152272600.0,57338612,234961400.0,72979706,2.9714471913303853
0303,2010,152122406.0,48155522,301471723.0,91429535,3.2495894528309
0303,2011,130308298.0,47030247,274069632.0,100408792,2.7426788233474584
0303,2012,134622028.0,59802837,271999144.0,125791143,2.190917895073967
0303,2013,60840713.0,33901041,170036333.0,110261079,1.6015097863433196
0303,2014,73951639.0,41470750,195407808.0,117922081,1.6899094225887739
0303,2015,83817556.0,42584413,190357303.0,106727003,1.8362618635938728
0303,2016,72723842.0,34709391,170064008.0,94591296,1.8776996134599038
0303,2017,76214546.0,36772846,167293446.0,98908481,1.7947052655226463
0303,2018,168239592.0,58508557,279976919.0,121138362,2.4949857948858005
0304,2007,183675400.0,29573894,312972600.0,56777473,5.751478143941832
0304,2008,104261100.0,25903458,289447100.0,40589592,5.921042875909587
0304,2009,147174600.0,17466616,222817800.0,28948122,7.9714421742507735
0304,2010,180945447.0,23962022,284845454.0,30550575,8.544647047360447
0304,2011,212334600.0,21597983,268731059.0,26878790,9.923632066020566
0304,2012,473889563.0,42861299,708366309.0,65922101,10.867980519086553
0304,2013,415347913.0,40487806,712984832.0,67386691,10.45968024305133
0304,2014,391268906.0,40215529,668141218.0,65795280,9.993416086467183
0304,2015,380218611.0,40029253,695909269.0,67448472,10.01256660391723
0304,2016,383891842.0,38339727,664148621.0,63074949,10.334209054713146
0304,2017,156676765.0,15100420,194933929.0,20258122,9.94415137366241
0304,2018,161988615.0,16137163,224693976.0,22676547,9.962525896133092
0305,1996,6236900.0,6036303,14614300.0,12264649,1.1393505649323599
0305,1997,5866900.0,5245766,15759600.0,14512671,1.0945450796538208
0305,1998,7279700.0,8439713,16176200.0,15744398,0.9698888662891102
0305,1999,7378900.0,7453476,20825000.0,21317629,0.9802856025168307
0305,2000,9268900.0,9764522,25007000.0,26160795,0.9540876145922387
0305,2001,8745400.0,11425936,21646000.0,23575523,0.8682895190169073
0305,2002,15200900.0,16533837,22448800.0,25713341,0.8911766840379256
0305,2003,17547600.0,19890781,30197700.0,36220353,0.8509059895314182
0305,2004,15515700.0,19232655,37736200.0,44429961,0.8364704962799518
0305,2005,18384000.0,22485150,42300900.0,50118269,0.8358408024834202
0305,2006,14896900.0,21519397,37242100.0,47790905,0.752254693681756
0305,2007,22501200.0,27756880,62881200.0,70468766,0.8692475282880807
0305,2008,10234900.0,21686935,27417600.0,42601026,0.5856850865125431
0305,2009,15110400.0,21991365,26963100.0,43012071,0.6472504007326628
0305,2010,15433759.0,23514613,34701685.0,51700255,0.6665629460388072
0305,2011,85524445.0,31914127,70639356.0,56281019,1.7706620838294207
0305,2012,74460121.0,29709547,101309940.0,51138453,2.174080509103503
0305,2013,89385901.0,26611910,88849272.0,49930041,2.3285945899131835
0305,2014,84756686.0,26083829,81162352.0,43213732,2.3942983794191544
0305,2015,64959752.0,24026546,70825221.0,42796411,2.0320108402266603
0305,2016,59886126.0,22935391,54313319.0,36595477,1.9183231966313679
0305,2017,52460110.0,17288657,40740325.0,33474303,1.8359929168827034
0305,2018,46612878.0,14158056,29001972.0,25653201,1.8993333970841464
0306,2007,111762700.0,278245068,78708900.0,339302648,0.30843219894606494
0306,2008,73465400.0,247124217,77312100.0,318885771,0.2663866419261845
0306,2009,63923500.0,208532658,99939300.0,347315903,0.2947975608773772
0306,2010,75581947.0,230802249,93898757.0,319814736,0.30780144568188356
0306,2011,72523453.0,223697877,92872107.0,349707038,0.28844461509368124
0306,2012,50410557.0,199744217,83645114.0,331383990,0.252397950689145
0306,2013,67464318.0,212448643,97720311.0,392481241,0.27306409117655694
0306,2014,66293163.0,212702888,114584899.0,409915976,0.29051169577155633
0306,2015,52928770.0,173390450,116219520.0,373755886,0.30914634508308214
0306,2016,54884477.0,163040772,129033316.0,340412718,0.3653123806928024
0306,2017,61480445.0,194614697,106233189.0,347603346,0.3093103155919878
0306,2018,56640093.0,176864037,125501497.0,355871530,0.34189868535659457
0307,1993,2434500.0,167621,7154900.0,979423,8.360097781776462
0307,1994,3346600.0,285616,8247600.0,817853,10.507046414534527
0307,1995,4052500.0,306363,8141800.0,816188,10.863025377020731
0307,1996,8041800.0,1218193,13687600.0,6169673,2.941228224767477
0307,1997,6318100.0,805678,9204600.0,2132652,5.282830723574275
0307,1998,7468900.0,1336639,11663700.0,2138759,5.505153654344049
0307,1999,8424600.0,1320987,13509000.0,3301446,4.745033621904309
0307,2000,7503600.0,1215695,11698400.0,4282393,3.4924868426987707
0307,2001,8254900.0,1346966,14592100.0,9784252,2.0525157264910274
0307,2002,7539100.0,1765652,13856700.0,25501224,0.7846810173633386
0307,2003,7039600.0,2065415,11197800.0,5838715,2.3073254108927865
0307,2004,8086700.0,2159412,12211600.0,5850199,2.534242923907291
0307,2005,6601100.0,1787163,14473200.0,3853387,3.7362136671069313
0307,2006,6135300.0,2281779,11664400.0,3585715,3.0336119644945527
0307,2007,27780800.0,3068685,34393200.0,5502068,7.254205085597497
0307,2008,21015500.0,3361199,31952300.0,6150486,5.568708383425229
0307,2009,25995500.0,2332389,25189100.0,4815759,7.160540044778032
0307,2010,37527635.0,2223135,41203494.0,5269673,10.507559916122233
0307,2011,50404796.0,2590927,39721421.0,6113283,10.354324746300929
0307,2012,75876254.0,3019695,91888969.0,6417622,17.776792175148934
0307,2013,26048174.0,3450959,31813181.0,6225695,5.979479580441752
0307,2014,32643563.0,3765832,38171688.0,7371613,6.358303093752651
0307,2015,34642475.0,3967018,31367318.0,7789740,5.614625477533858
0307,2016,32287338.0,3255451,34597242.0,8679877,5.6039163733078805
0307,2017,18506660.0,2471664,28550652.0,8770437,4.1858111753310165
0307,2018,31908629.0,3500590,32558333.0,7487713,5.866871526931866
0308,2007,30096200.0,8090521,47867800.0,9562720,4.416412827536881
0308,2008,12847200.0,2172460,12235400.0,4746780,3.625051306212821
0308,2009,10696100.0,1207310,7380600.0,3379971,3.9406131867657552
0308,2010,10992558.0,1018410,9325271.0,2888300,5.200751783469979
0308,2011,9659718.0,1126769,13434690.0,2406862,6.535602613855267
0308,2012,5861533.0,763002,7102038.0,1494287,5.742982400569887
0308,2013,4823798.0,1519216,5247736.0,1378501,3.4756789569167728
0308,2014,10780522.0,1117500,6975818.0,1392137,7.075262278967038
0308,2015,9578037.0,1137257,4838050.0,1091288,6.468833700912478
0308,2016,10493466.0,1415193,4410300.0,1018622,6.12362320061303
0309,2007,77122500.0,20318549,179131600.0,37123354,4.461100461800508
0309,2008,58812000.0,18030627,144701600.0,32731476,4.009164080534646
0309,2009,72420000.0,14731262,120863400.0,28763241,4.443858112368821
0309,2010,73417716.0,15852827,141763604.0,29390793,4.756058865316259
0309,2011,114018747.0,24161474,239666906.0,44649497,5.139960210705354
0309,2012,88830464.0,18832693,199258236.0,41846287,4.747751198190873
0309,2013,110172698.0,18587755,202755353.0,40449830,5.3004886802195585
0309,2014,152616432.0,28475695,251579158.0,48691908,5.23789225382574
0309,2015,158016475.0,28394812,255946147.0,48830496,5.360452845328892
0309,2016,169071028.0,31137556,281109704.0,55799643,5.178229080051222
0402,1993,3243500.0,6307548,12424100.0,26201259,0.4819493991274426
0402,1994,4089400.0,8088117,14329400.0,32598384,0.452700516075344
0402,1995,3402300.0,6841196,12450500.0,29395143,0.43748348860518166
0402,1996,17212000.0,15072955,64062300.0,52951040,1.1947886918432238
0402,1997,18853200.0,12623541,66809500.0,53312184,1.299184925925968
0402,1998,19356400.0,11978869,70360400.0,55308199,1.33334387523023
0402,1999,20040000.0,11520445,76208300.0,53490605,1.4804913933862012
0402,2000,20416200.0,12203299,74118900.0,57564266,1.3550007084237496
0402,2001,16784800.0,10439433,64818900.0,55471170,1.2380966989484226
0402,2002,15342000.0,12964092,80158500.0,84992542,0.9749263128008258
0402,2003,18253800.0,19127931,84498900.0,103440002,0.8383326493724913
0402,2004,21591400.0,25394519,82124700.0,127610101,0.6778625377455922
0402,2005,21769200.0,27593884,78324300.0,114155598,0.7061295645510719
0402,2006,12402600.0,22151206,58153300.0,88944279,0.6350924162219553
0402,2007,33847300.0,46805747,178417100.0,148966732,1.0842402419596475
0402,2008,22716600.0,41844300,147622600.0,122483916,1.0365791350159854
0402,2009,35624600.0,37394210,122303700.0,106142812,1.1002617847261733
0402,2010,40336939.0,36424855,131936737.0,98486697,1.2769379155908014
0402,2011,35188324.0,33015882,121608174.0,92120642,1.253003463641039
0402,2012,32093957.0,30105569,113405576.0,80970417,1.3099098935750162
0402,2013,32772498.0,22565056,100710050.0,66270545,1.5025794444729428
0402,2014,44105708.0,24662351,105981881.0,67275433,1.6324908266224907
0402,2015,38547329.0,23159828,99499184.0,67578420,1.5213707123813984
0402,2016,32786885.0,20271311,93972668.0,63292716,1.5169153229056327
0402,2017,29874128.0,18877897,89201121.0,56799195,1.573464913265959
0402,2018,27762655.0,20000785,79638565.0,49230692,1.55133509573976
0403,1993,478800.0,976888,3351700.0,2366373,1.1457376495583205
0403,1994,666800.0,103219,5072500.0,632575,7.800145149321685
0403,1995,1106300.0,129378,6699300.0,820521,8.217294680802906
0403,1996,26028000.0,14426150,47650300.0,23985495,1.9181240480588635
0403,1997,26765800.0,13836523,48616800.0,23671198,2.009788864538051
0403,1998,36172900.0,18470718,65292000.0,30046088,2.0913351138572476
0403,1999,42929500.0,21774794,72280300.0,33566796,2.0817941804707814
0403,2000,44300300.0,22481391,77227300.0,33880695,2.1561941479596762
0403,2001,40168000.0,20740689,74517100.0,30249172,2.2491745957103118
0403,2002,45401000.0,22378263,78882500.0,33405663,2.2279446591837226
0403,2003,47499500.0,24039444,70010300.0,31155257,2.12900510141363
0403,2004,47121000.0,22725304,79175000.0,35113426,2.183588747539927
0403,2005,50534600.0,24742498,84525400.0,36007209,2.2232205992367997
0403,2006,41944900.0,34142513,84402700.0,49886189,1.5036243211277975
0403,2007,52258700.0,43865222,113102300.0,100768412,1.143309446266143
0403,2008,44706000.0,41585264,118605300.0,112794371,1.0578552022097993
0403,2009,45991500.0,31228723,83169500.0,64667355,1.3468851145299185
0403,2010,60576829.0,30877577,96245427.0,49297389,1.9560002806861183
0403,2011,78064112.0,36782597,119949839.0,59783056,2.0505629574109543
0403,2012,67347273.0,34139389,114087017.0,55200139,2.030840033092631
0403,2013,69071332.0,32238489,107750588.0,49477182,2.1638679317703944
0403,2014,88233976.0,36542411,133554393.0,60522794,2.2849420551885715
0403,2015,83109940.0,34255803,138551903.0,63905975,2.258127832607107
0403,2016,86168983.0,34869572,141853304.0,59012096,2.4288265415139407
0403,2017,81484891.0,32702406,124472440.0,52321415,2.4223485674679335
0403,2018,98921474.0,35401404,120224616.0,50412442,2.553738122866559
0404,1993,2772900.0,519950,3462600.0,515758,6.020519296944698
0404,1994,2715800.0,552665,3700200.0,672705,5.235969543892865
0404,1995,2946200.0,763072,4479500.0,1343475,3.52505783160784
0404,1996,8661600.0,5376168,22582500.0,16303728,1.4411554372770055
0404,1997,5647400.0,3360216,8344000.0,4761716,1.722668941330708
0404,1998,3571100.0,1159497,6326300.0,2077612,3.057481227848676
0404,1999,6881500.0,1427217,14395500.0,3820947,4.054179709323108
0404,2000,10488400.0,2619365,28925400.0,7387736,3.9385832120611153
0404,2001,23858900.0,6220637,56074500.0,13950492,3.962762818085195
0404,2002,46781300.0,13079901,119332700.0,28835502,3.9630777258660737
0404,2003,75844300.0,17920594,186307400.0,48015880,3.9758222436947417
0404,2004,95385000.0,26420561,258224000.0,73029581,3.5556409763597925
0404,2005,102644200.0,29504388,243282700.0,69029817,3.510729091486555
0404,2006,95479300.0,33973022,188201100.0,69330920,2.7460752659370926
0404,2007,105450900.0,63331973,269613500.0,179597963,1.543920054381441
0404,2008,83471600.0,74637902,252328400.0,228554973,1.1075458155142992
0404,2009,129899100.0,69876916,229846500.0,145954987,1.6667860265310268
0404,2010,155419119.0,66045096,232870655.0,189180619,1.5213583552895522
0404,2011,151803910.0,59774096,241637699.0,171128023,1.703932431213418
0404,2012,129911825.0,49453916,227178865.0,121080725,2.09394811462382
0404,2013,141616416.0,44233186,197790013.0,91748075,2.4959794202820342
0404,2014,103042861.0,43864262,185459531.0,86779368,2.208315797716276
0404,2015,85494148.0,51457992,161011215.0,86978340,1.7806406702541064
0404,2016,88451598.0,54182997,168950192.0,91450017,1.7674686730029496
0404,2017,82696716.0,56188184,140193789.0,92950390,1.4945194862866262
0404,2018,144494139.0,62533185,189428442.0,94590004,2.1252278745437123
0405,2006,65408500.0,60065121,162248100.0,102764653,1.3981263647765059
0405,2007,69163000.0,53368042,187280800.0,121059045,1.4702062873984705
0405,2008,62628100.0,41612488,191127300.0,117439336,1.5954259034464138
0405,2009,67827800.0,29874989,154174700.0,103318623,1.6667653700989804
0405,2010,85496807.0,38989630,193839446.0,125560897,1.6975713058640036
0405,2011,90224381.0,42015576,206524011.0,121869225,1.8107133192906644
0405,2012,86781162.0,40465105,193425366.0,111385259,1.845280581612567
0405,2013,96770692.0,37214479,220150513.0,114903233,2.0833945030674665
0405,2014,144648288.0,47512340,301017151.0,140834381,2.366196961825526
0405,2015,145162972.0,49639249,271089102.0,143795408,2.1519001840502656
0405,2016,157545041.0,52599840,261521092.0,142611415,2.1467314115674325
0405,2017,111684525.0,55907103,215697796.0,148149784,1.6043679084450602
0405,2018,125255750.0,71281931,246769653.0,178847572,1.4873311566129006
0406,1995,594300.0,1185324,578900.0,2354899,0.331391553582924
0406,1996,287600.0,378045,309300.0,906884,0.4645392858282442
0406,1997,272600.0,342601,337300.0,985197,0.45933191645114696
0406,1998,287500.0,294334,347300.0,847074,0.556155204799686
0406,1999,245900.0,357005,402000.0,924498,0.5055782155796748
0406,2000,279300.0,282946,386200.0,828875,0.59856757517622
0406,2001,349800.0,702035,313700.0,796564,0.4427468588995455
0406,2002,515600.0,2621674,274500.0,1021528,0.2168696657500737
0406,2003,342600.0,343530,245700.0,552584,0.6565012933622285
0406,2004,580100.0,324460,269300.0,498341,1.03232737928126
0406,2005,361800.0,336678,342300.0,56362125,0.012418251581078352
0406,2006,572600.0,412674,454700.0,786575,0.8566194343293178
0406,2007,22147500.0,37228912,52629200.0,90658896,0.584705463088397
0406,2008,15386000.0,31995792,41143400.0,67806120,0.5664160021302999
0406,2009,17255600.0,24212293,33814100.0,59938953,0.6068799028834344
0406,2010,18546319.0,31782027,31525346.0,55525757,0.5735074549595716
0406,2011,14398352.0,20555761,32316005.0,48685385,0.6746618116343712
0406,2012,27740166.0,33662554,54453192.0,54733414,0.9298315280624564
0406,2013,19140890.0,24731772,28544078.0,43500835,0.6988589487721024
0406,2014,13560873.0,17830074,22592773.0,32572786,0.7172935424696139
0406,2015,13250878.0,17831349,22223638.0,31518928,0.7188311425283388
0406,2016,11476662.0,14738481,19969103.0,28935770,0.7200069670341914
0406,2017,9800908.0,12398748,20034004.0,27279902,0.7519134849597957
0406,2018,8415831.0,10403494,16717010.0,22960458,0.7532932849202036
0407,2007,23926700.0,1924252,6687500.0,2079586,7.646213458186869
0407,2008,268000.0,242063,406900.0,206521,1.5045119754605603
0407,2009,2138500.0,150969,87800.0,103640,8.743995695360336
0407,2010,2028736.0,109501,599290.0,285457,6.653937887066473
0407,2011,1433336.0,73028,1561798.0,207151,10.690073131819302
0407,2012,505695.0,169681,610572.0,1087447,0.8879501530472633
0407,2013,143507.0,46571,271621.0,284153,1.255209782174865
0407,2014,353379.0,48109,984440.0,550789,2.2338010813193567
0407,2015,312760.0,54379,296789.0,504515,1.0906343600038648
0407,2016,92667.0,37729,232855.0,482905,0.6252415324392951
0407,2017,274255.0,39082,262612.0,382646,1.2730172054025344
0407,2018,260466.0,46752,381444.0,441153,1.3156454637685615
0408,2011,767284785.0,57964218,696851379.0,57164200,12.717417553674714
0408,2012,623512029.0,51527684,552622336.0,51556001,11.409510292535623
0408,2013,500215627.0,42584756,431971537.0,41869950,11.0377172350822
0408,2014,552442412.0,47027525,495557201.0,46843325,11.164271048999769
0408,2015,499966946.0,45713058,434746335.0,44572577,10.352846064603744
0408,2016,511398135.0,46529698,451738207.0,46494628,10.353596563548335
0408,2017,471412347.0,41133892,428853300.0,43519393,10.634739655997992
0408,2018,435881605.0,35487614,414797183.0,38026492,11.571640250920007
0502,1995,11009600.0,80465451,20260700.0,150097728,0.1356257323290984
0502,1996,11949700.0,80912361,21978600.0,176265172,0.13192559864861914
0502,1997,7940200.0,85085245,20230000.0,216899991,0.09328336832996696
0502,1998,8219200.0,101726973,21176000.0,283817757,0.07624329348244495
0502,1999,13218500.0,141567573,20192000.0,260675578,0.08306045713131359
0502,2000,21724500.0,216764920,26744900.0,368351292,0.08283721935224725
0502,2001,19322100.0,199233434,27692300.0,315321504,0.09136905804992974
0502,2002,24091400.0,187849096,24237300.0,287455735,0.10167937889105949
0502,2003,17845400.0,211892971,24650500.0,339265774,0.07710283178034306
0502,2004,20332300.0,254929739,33747300.0,411208912,0.08118369939773995
0502,2005,18271500.0,258164728,41098300.0,457102671,0.08300364322909676
0502,2006,15326800.0,281817941,34989600.0,502639063,0.06414169258918363
0502,2007,19036300.0,368050793,56066800.0,789028370,0.06490748636876109
0502,2008,17416900.0,374432301,84233600.0,1016009954,0.07310659585787689
0502,2009,19944700.0,386112495,76573700.0,951763360,0.07214301658803761
0502,2010,31468571.0,366083712,82842550.0,897186983,0.09048822350778904
0502,2011,29338749.0,322471106,58795611.0,660618856,0.08965035083940771
0502,2012,23678978.0,274616803,49721491.0,575709621,0.08632034349199526
0502,2013,19260469.0,241271681,48802293.0,571832106,0.08370734841996252
0502,2014,17994616.0,196735330,39615803.0,444821007,0.08979791123160552
0502,2015,14642310.0,158701305,30961233.0,338873391,0.09165165223755671
0502,2016,11589760.0,133200783,22656184.0,252272839,0.08884121259015747
0502,2017,12891137.0,147088273,16136589.0,180338055,0.08865422086644174
0502,2018,11092791.0,127743974,13223489.0,143539794,0.08963411330972076
0503,1995,39665400.0,233459758,43258500.0,243650785,0.17380437556166098
0503,1996,39861400.0,232890608,47304900.0,268835369,0.17373288208276289
0503,1997,33608700.0,260446779,43986200.0,414461922,0.1149709581237122
0503,1998,36930000.0,287577557,38858600.0,343120814,0.12016615784155878
0503,1999,48265900.0,316135166,41488400.0,326837040,0.1395928146853676
0503,2000,55513600.0,321914907,46119100.0,391095017,0.14254037227117192
0503,2001,53621500.0,302422141,57262900.0,405297763,0.15667836862194567
0503,2002,55720700.0,317269169,41957100.0,301196065,0.1579357975682106
0503,2003,49040700.0,380305965,40816800.0,396629216,0.11565636644789805
0503,2004,49776600.0,473054679,45694100.0,434703049,0.10517200466069732
0503,2005,50196200.0,524146265,47057400.0,493492689,0.09556788251641554
0503,2006,46313900.0,550287318,40342900.0,547535399,0.07893514923502899
0503,2007,47754500.0,606777592,39936100.0,563421425,0.0749364840732899
0503,2008,42953800.0,578176344,42088400.0,521300427,0.07734788241378862
0503,2009,39088800.0,434280675,43598600.0,435853103,0.0950283761998721
0503,2010,58877028.0,445222003,67098942.0,461757031,0.13889623164100615
0503,2011,71061490.0,515840975,79532447.0,548581511,0.14147947735106378
0503,2012,64677906.0,459019406,63810717.0,458265493,0.1400749354318107
0503,2013,65106858.0,488797579,66017231.0,486535145,0.13444036662918327
0503,2014,59219742.0,463831409,64117185.0,468099523,0.13234556635576938
0503,2015,51283598.0,404725818,55290514.0,407815100,0.13116153247066384
0503,2016,45999297.0,369007961,44936615.0,323598144,0.13129527929875814
0503,2017,49741468.0,380508020,39777280.0,293584814,0.13279884236241563
0503,2018,42498429.0,335877212,35698026.0,274506208,0.12811038510842906
0504,1996,34642900.0,276603641,2918900.0,139379959,0.09029634822142027
0504,1997,3448900.0,63167557,2669300.0,186289793,0.024526036214206556
0504,1998,1910900.0,56355214,2831500.0,158029325,0.02212099819381098
0504,1999,2843600.0,59324623,4277000.0,190036232,0.02855540417520625
0504,2000,2925700.0,62518357,4365400.0,191492900,0.028703845987424093
0504,2001,2987500.0,68535113,5061800.0,258870247,0.024585119803780853
0504,2002,2924700.0,86588298,5509000.0,258621592,0.02443064420894778
0504,2003,3455800.0,93332522,7130500.0,293214288,0.0273868512845831
0504,2004,2644300.0,79399942,5422200.0,249900587,0.024495861043697262
0504,2005,3429400.0,76880733,6101000.0,203285069,0.03401699969077596
0504,2006,3261500.0,74887216,4687400.0,182825466,0.03084403894411374
0504,2007,4031900.0,167312414,6618500.0,320425553,0.021836315236045588
0504,2008,3204800.0,101733382,8603300.0,418960828,0.02267760957050012
0504,2009,4347700.0,159479277,10484500.0,405180461,0.026267500588115243
0504,2010,5866833.0,179810301,14607401.0,419925295,0.034138767377749575
0504,2011,9782778.0,216985269,19665187.0,396063447,0.04803527718342045
0504,2012,8397003.0,180817057,17904988.0,310311427,0.053554195809990934
0504,2013,10204730.0,121780697,14505756.0,234042777,0.06944591294727227
0504,2014,12625054.0,152190529,13233958.0,195476101,0.07437875760466284
0504,2015,12427562.0,138269024,11826672.0,189011770,0.07410833279755487
0504,2016,10681730.0,110701598,11043940.0,165747912,0.07858820223627816
0504,2017,6571093.0,66544088,5658485.0,52622274,0.10262609174894506
0504,2018,5467965.0,53803769,5541520.0,43789720,0.11280962606019752
0601,2002,147702000.0,37605695,267815100.0,75184656,3.6839773643403237
0601,2003,146409800.0,37500614,310532500.0,82293687,3.8143909700679335
0601,2004,177703600.0,45128977,367098100.0,97545798,3.8184864843838024
0601,2005,193458400.0,50681025,357979400.0,96908809,3.7362857932342415
0601,2006,134860000.0,51004585,293317300.0,97917420,2.875178184714878
0601,2007,138306900.0,52188878,318631700.0,104313466,2.9196917331794086
0601,2008,132676000.0,50265000,287125700.0,92125069,2.9482512576070175
0601,2009,109816000.0,37784307,221811100.0,70602836,3.059653486760879
0601,2010,130643292.0,41821182,289057747.0,84588693,3.3201602248242077
0601,2011,153389997.0,45097801,290740956.0,88179540,3.33238155614164
0601,2012,183133304.0,62862466,323783231.0,104419335,3.0303149055646523
0601,2013,193771790.0,60803996,340941868.0,108563879,3.157113815119898
0601,2014,234444910.0,63391530,375987336.0,117144881,3.381214031113092
0601,2015,236342629.0,64782449,382187568.0,120916377,3.330824487818787
0601,2016,266707100.0,76718989,402114853.0,126195945,3.2960706233677213
0601,2017,294895984.0,84652944,451127101.0,139378311,3.3299955624495343
0601,2018,313798187.0,89088396,496347777.0,153107114,3.3450081878066196
0703,2007,719800.0,264811,2278800.0,3300402,0.8410717676615674
0703,2008,991100.0,2884205,2522600.0,1845756,0.7428602476849175
0703,2009,418200.0,615176,1427500.0,1116105,1.0660892137093863
0703,2010,894009.0,254905,1428079.0,632954,2.6153792437763204
0703,2011,591142.0,356436,929914.0,389206,2.0399280083471694
0703,2012,349359.0,169378,1577770.0,675165,2.281860130271638
0703,2013,564109.0,125506,1143823.0,600155,2.3536224214888217
0703,2014,404008.0,400736,827283.0,767687,1.0538058562695187
0703,2015,478036.0,118446,803529.0,787938,1.4139316228000494
0703,2016,343764.0,848726,682337.0,588231,0.714079126932817
0703,2017,367702.0,8327574,415960.0,338789,0.09042570683918963
0703,2018,723084.0,129212,894016.0,181860,5.198474951136714
0801,1993,123900.0,1751014,79100.0,6548999,0.02445779301791455
0801,1994,84300.0,1434987,70800.0,2043750,0.04458514685071047
0801,1995,94200.0,1519357,96100.0,3598467,0.03718377185303754
0801,1996,88600.0,2128653,101400.0,2217471,0.04371711437593589
0801,1997,93000.0,2269418,96200.0,2108901,0.0432129317210555
0801,1998,65300.0,2446966,93800.0,3913497,0.02501390228981758
0801,1999,83100.0,2883019,135800.0,2641836,0.03962094932808191
0801,2000,83500.0,3187198,205900.0,3276822,0.0447709010801328
0801,2001,143700.0,2757763,283800.0,6253896,0.0474385459991329
0801,2002,151300.0,2640841,301900.0,4237915,0.06588400577081088
0801,2003,233700.0,10273944,210000.0,5771940,0.027651951117183698
0801,2004,157800.0,3243624,224200.0,3977202,0.05290253497314573
0801,2005,154000.0,3403663,217000.0,3047343,0.057510410004269104
0801,2006,130100.0,2843144,172500.0,4500857,0.041203698093178365
0801,2007,50800.0,522108,161000.0,3621488,0.05111502183127892
0801,2008,168700.0,5392607,730700.0,5048334,0.08614166098630383
0801,2009,251800.0,5851564,218000.0,6233665,0.03887390135511706
0801,2010,294204.0,6255198,292574.0,7079658,0.04400332482030552
0801,2011,793938.0,6297747,361157.0,8041910,0.08055248462358619
0801,2012,520769.0,5567392,375452.0,8825324,0.062269067214276996
0801,2013,248163.0,6803080,401638.0,9085341,0.040897770772816255
0801,2014,309692.0,9966658,502941.0,11062177,0.03864374797747949
0801,2015,407091.0,11215374,561574.0,11149634,0.043311632171113015
0801,2016,431036.0,8266594,613340.0,10995913,0.05421807244508724
0801,2017,4112692.0,9862442,760493.0,12351360,0.21937644893026417
0801,2018,969421.0,12051616,1291568.0,15263068,0.08277558693338719
0901,1993,1223700.0,523988,892100.0,10860380,0.18585133579659407
0901,1994,3598800.0,4190276,4869600.0,8865102,0.6486522259255917
0901,1995,5121900.0,9617035,6712000.0,12057999,0.5459691551118213
0901,1996,6519200.0,13539590,6641200.0,12187185,0.5115448788276028
0901,1997,6845100.0,9812655,7056700.0,11694937,0.6463671060897938
0901,1998,8098000.0,12119617,8367900.0,17207115,0.5614638548884342
0901,1999,7721300.0,75394276,9763400.0,26964277,0.1708181630898983
0901,2000,18394500.0,142356785,10285000.0,32503738,0.16401357783883558
0901,2001,9198100.0,39120513,11102100.0,30095822,0.29328625966688354
0901,2002,8484200.0,20778555,13098700.0,36992360,0.3735945674393421
0901,2003,20073600.0,95459031,25218000.0,42289242,0.3287997665132252
0901,2004,11818500.0,34536196,83649100.0,56151701,1.0527049712047023
0901,2005,11884000.0,32447168,90124100.0,62994606,1.0687992869872682
0901,2006,44738500.0,244554544,51596100.0,494444286,0.13035825780671398
0901,2007,49192800.0,288532623,62607200.0,370532149,0.16963431327201933
0901,2008,44934700.0,290087646,236309400.0,430257638,0.39042957071681195
0901,2009,63154300.0,338246455,61962800.0,332100275,0.1866453499370393
0901,2010,74863737.0,361051412,73270574.0,476214704,0.17692619845611907
0901,2011,72014347.0,397968470,72881941.0,482911964,0.16449030130234452
0901,2012,80481765.0,519938229,93798152.0,458517990,0.17811723571864793
0901,2013,70997495.0,642292884,92161917.0,523962950,0.139900189343876
0901,2014,87740724.0,589152150,105470172.0,641995877,0.1569355526409011
0901,2015,127427112.0,652047148,121826361.0,764271524,0.17598685799151845
0901,2016,104313696.0,642138374,84011547.0,754867932,0.13480629413851766
0901,2017,72104520.0,585481663,87695006.0,723755935,0.12205540556130591
0901,2018,111378215.0,589884416,87558591.0,679304590,0.1567432471125581
0902,1995,4715800.0,2714953,4262400.0,2452507,1.7374493464874425
0902,1996,5180800.0,3095631,4814000.0,3541593,1.5058705265936483
0902,1997,5622900.0,3370029,4536200.0,3640737,1.449071328297079
0902,1998,5678500.0,2681806,4474400.0,2424472,1.9883171264862587
0902,1999,12703300.0,6759628,5662400.0,3521632,1.7863277458210376
0902,2000,11662300.0,6029939,6011800.0,3446881,1.864982135357641
0902,2001,11110400.0,5885396,6279100.0,4288573,1.7092149582920884
0902,2002,15253800.0,7886063,13213300.0,10274837,1.5674939017339449
0902,2003,19223500.0,11898148,18284200.0,15123458,1.3880633149635888
0902,2004,25473200.0,22414931,23745000.0,20495943,1.1469866589060853
0902,2005,19914900.0,12982169,19149600.0,16255951,1.3360811160225077
0902,2006,17553500.0,10964166,13181400.0,13825494,1.23982741191287
0902,2007,16688200.0,12022203,16730900.0,15911661,1.1963651000806763
0902,2008,15878100.0,10781613,15213700.0,16983617,1.1198106408626904
0902,2009,13847300.0,9796760,11963800.0,12108626,1.178299254804275
0902,2010,12183993.0,8664926,10791598.0,11760168,1.1248707594687202
0902,2011,16281769.0,11638327,15109118.0,14530129,1.19956970330997
0902,2012,19691162.0,14027256,16796493.0,16343152,1.2014212979950747
0902,2013,16769780.0,12851933,14080527.0,14526438,1.1268130963672016
0902,2014,14530377.0,11890276,15211926.0,14582602,1.1235009280063921
0902,2015,17044296.0,14276468,18294647.0,18329199,1.0838282498560756
0902,2016,17155802.0,16772807,19472212.0,20448377,0.9840636450468636
0902,2017,24436256.0,22743331,25970759.0,27678479,0.9997065753887058
0902,2018,22451381.0,23579352,30443621.0,30363487,0.9805750490811208
1001,1996,7760400.0,158966,3588100.0,163169,35.22901888959598
1001,1997,7455200.0,149921,5195500.0,190113,37.20422075439515
1001,1998,9248700.0,190003,6693500.0,603122,20.100488573680064
1001,1999,12708200.0,507849,8119200.0,437133,22.039996529034415
1001,2000,11952700.0,327421,9380100.0,908842,17.25587516572121
1001,2001,11592200.0,246439,8246200.0,1907350,9.210930132896026
1001,2002,10105200.0,281624,7570300.0,2136156,7.310632067433762
1001,2003,9604500.0,414097,7848700.0,807899,14.282534476381265
1001,2004,10588900.0,349678,8425200.0,977454,14.327210857699159
1001,2005,10536200.0,471537,10030500.0,988532,14.086115108258582
1001,2006,5862500.0,44051291,6162100.0,751495,0.2683895595242671
1001,2007,5313700.0,404507,5182900.0,1257050,6.317327663149684
1001,2008,4711600.0,427503,5418700.0,709377,8.910615016536486
1001,2009,5396300.0,831401,5631300.0,453647,8.581469330328517
1001,2010,9431949.0,403477,5659436.0,387690,19.074841341966994
1001,2011,9149397.0,511168,5878157.0,279481,19.006605965478993
1001,2012,12389029.0,543613,7164380.0,422231,20.24489358529949
1001,2013,14557144.0,310130,5115534.0,243377,35.54187751916417
1001,2014,12897133.0,296425,10998241.0,558179,27.960756092880445
1001,2015,12440507.0,257915,6729991.0,410887,28.66393641167341
1001,2016,12439362.0,471642,6582762.0,805252,14.897183321403343
1001,2017,599863.0,44366,247392.0,39506,10.101762209080503
1001,2018,591265.0,51535,291299.0,77785,6.82465202598206
1002,1996,12862200.0,192836,19263100.0,162303,90.4583839003883
1002,1997,15890400.0,214332,21417700.0,174592,95.92645349734138
1002,1998,22784500.0,330162,32565500.0,301303,87.65331411875559
1002,1999,36707100.0,254489,36546600.0,297701,132.66031619551242
1002,2000,26260400.0,85028200,29749900.0,460599,0.6551770600964929
1002,2001,34772500.0,309751,30703500.0,308800,105.8538422862464
1002,2002,30079700.0,404249,41094900.0,1563743,36.16610230122887
1002,2003,27467800.0,420054,25238400.0,338111,69.51811281185493
1002,2004,26127100.0,304051,23910900.0,2261702,19.502266975815676
1002,2005,24908100.0,274980,21708900.0,338969,75.92975963801554
1002,2006,15085300.0,382610,24178500.0,557419,41.768711390818794
1002,2007,17949300.0,459864,37129400.0,763788,45.011735362668475
1002,2008,13923900.0,430721,17667800.0,497961,34.017780036654095
1002,2009,12042100.0,310747,13541600.0,321542,40.46203555652558
1002,2010,36056021.0,345865,24649635.0,401228,81.25582223364427
1002,2011,33366209.0,358267,35265985.0,428653,87.21622782493773
1002,2012,28708681.0,325456,25752371.0,324975,83.73071394198617
1002,2013,26399295.0,383820,22880080.0,292107,72.9063567515427
1002,2014,28396011.0,457686,36407236.0,395596,75.9458736970896
1002,2015,25138756.0,383227,37691858.0,437651,76.54074539700174
1002,2016,25531597.0,293253,26854554.0,286107,90.42072459265397
1002,2017,31615474.0,367675,30506545.0,367010,84.55599202379251
1002,2018,31830733.0,504739,34140483.0,451725,68.97407116211379
Electric bikes,2012,9038492.0,322906,23253515.0,753910,29.9884167768681
Electric bikes,2013,8364909.0,298615,19338915.0,756195,26.26427887486846
Electric bikes,2014,20852376.0,444527,32964806.0,1035742,36.356352798038735
Electric bikes,2015,23835712.0,593670,47560327.0,1714340,30.934024982560736
Electric bikes,2016,56894600.0,1311446,64916165.0,3263798,26.623883884662764
Fans,2006,18054400.0,13266841,73446100.0,32386597,2.004241170183065
Fans,2007,18079200.0,13765196,101122500.0,42780119,2.1080738519185895
Fans,2008,18369100.0,178462474,59390000.0,26926936,0.37859352144786823
Fans,2009,13099900.0,7672655,35881800.0,16868859,1.99587115937509
Fans,2010,18197528.0,10129712,51445157.0,21915973,2.173231279031795
Fans,2011,20907305.0,10495409,71926453.0,31049919,2.2345173926656687
Fans,2012,18022031.0,9878405,52014215.0,22687324,2.150611951601022
Fans,2013,21682008.0,10592331,55819966.0,23806239,2.2530580195630225
Fans,2014,22975268.0,11543035,70102535.0,29559874,2.2645064610877057
Fans,2015,26356603.0,11597444,63426606.0,26829878,2.336441998221994
Fans,2016,28200317.0,13520311,96775262.0,39377196,2.362598657059585
Fans,2017,33827223.0,15401471,108038560.0,48663894,2.2143912393225262
Fans,2018,44930817.0,18537627,129443329.0,56308582,2.3297659070481447
Industrial machines,1993,328776700.0,2830244,309275400.0,3375025,102.82424500855643
Industrial machines,1994,425426500.0,3512613,376633500.0,4463211,100.56139654034492
Industrial machines,1995,557769500.0,4142072,504070700.0,7750465,89.2862641503659
Industrial machines,1996,609614000.0,3798391,535715300.0,4279955,141.7776980584887
Industrial machines,1997,698013200.0,4158900,553841000.0,4027171,152.92491355132395
Industrial machines,1998,757552100.0,5531598,647349200.0,4956940,133.94634218801514
Industrial machines,1999,785756800.0,6448385,752082600.0,6068440,122.8617800440607
Industrial machines,2000,884934100.0,7402234,814301200.0,7532521,113.77724642955307
Industrial machines,2001,969304300.0,7383434,855820700.0,6873280,128.0186303800441
Industrial machines,2002,989652100.0,8390218,891111800.0,89152271,19.281483579940225
Industrial machines,2003,969180200.0,8339854,871375800.0,8661078,108.26206469151221
Industrial machines,2004,1244662800.0,7938672,915194000.0,9540170,123.56978797565651
Industrial machines,2005,1392379000.0,10042576,1054288900.0,10967919,116.44979806520503
Industrial machines,2006,1404230200.0,27770192,980476800.0,121675157,15.957050627249698
Industrial machines,2007,1388130000.0,31822568,1162460700.0,138182097,15.003063004182856
Industrial machines,2008,1240618700.0,27776350,1047468900.0,37454379,35.07683625611482
Industrial machines,2009,1666274900.0,21858215,960975800.0,26905969,53.87664643378427
Industrial machines,2010,3182976889.0,29092980,1514728489.0,35230939,73.03201438954613
Industrial machines,2011,1980339149.0,37255729,1820656627.0,37476779,50.861343714036735
Industrial machines,2012,3024502338.0,30231913,1752231574.0,35730500,72.41599715280276
Industrial machines,2013,3870719358.0,31076367,2001089847.0,33903811,90.36308280041953
Industrial machines,2014,4833554561.0,30086045,2312962860.0,37011299,106.50969166529156
Industrial machines,2015,2319531978.0,31741310,1863217230.0,38525699,59.52650137705449
Industrial machines,2016,2200256259.0,27731752,1865462180.0,38154700,61.70795839788125
Industrial machines,2017,2321849321.0,32954756,1924739673.0,39509001,58.60293710689055
Industrial machines,2018,2417807657.0,28642884,2205308092.0,39224442,68.11990425260014
Industrial pumps,1993,65833100.0,92097261,47992800.0,10776476,1.1064621867484021
Industrial pumps,1994,80333500.0,42256124,56091000.0,9826709,2.619375562769406
Industrial pumps,1995,94817200.0,19140359,83515900.0,11216558,5.874545824267991
Industrial pumps,1996,104346900.0,13365648,77300600.0,13296920,6.81282838172227
Industrial pumps,1997,114106600.0,15477105,74914000.0,13504141,6.522169543711129
Industrial pumps,1998,124254500.0,14802507,81287000.0,11604806,7.78350678844152
Industrial pumps,1999,120956900.0,15579525,111112100.0,12893526,8.150478851037073
Industrial pumps,2000,145470400.0,17402331,103339600.0,14516154,7.795169476245505
Industrial pumps,2001,136629200.0,16429997,102639800.0,16581788,7.2479873475487615
Industrial pumps,2002,137757900.0,17352470,110059600.0,35721533,4.6692822472802735
Industrial pumps,2003,133188900.0,104774262,111171300.0,24794460,1.8859505305609172
Industrial pumps,2004,436352000.0,261015576,124592600.0,20733029,1.9909401148587764
Industrial pumps,2005,161422400.0,22267130,131568400.0,21461971,6.700133167613028
Industrial pumps,2006,1169368300.0,459763010,1141067400.0,535289642,2.3219230614140405
Industrial pumps,2007,1223998600.0,390749895,1040502400.0,557144584,2.3889800501728633
Industrial pumps,2008,1213172100.0,530248795,1103826200.0,596413634,2.0565151019161214
Industrial pumps,2009,1048410800.0,531495304,844541100.0,550685240,1.7492015639120564
Industrial pumps,2010,1680935681.0,746219628,1285274872.0,634452183,2.1483820625349175
Industrial pumps,2011,1773699986.0,615778141,2309770808.0,750263737,2.989272041921983
Industrial pumps,2012,1733162733.0,620141025,2133949457.0,781898288,2.7582052472732626
Industrial pumps,2013,1886738703.0,646393672,1701536874.0,838039066,2.417270574236015
Industrial pumps,2014,1964910206.0,715260911,2321791205.0,966430260,2.549041991135006
Industrial pumps,2015,1879065577.0,748236058,1670548459.0,998937528,2.03163215403601
Industrial pumps,2016,2096030235.0,784427976,1711046278.0,1082299067,2.039439310249495
Industrial pumps,2017,2202442458.0,869360872,1768122983.0,1222425006,1.8981701151918762
Industrial pumps,2018,2162464584.0,1083395027,2021342856.0,1276580105,1.7728184434106147
Industrial robots,2007,103500.0,3652,45300.0,1178,30.80745341614907
NRMM,1993,63205200.0,26268,42519800.0,45960,1463.7675139834967
NRMM,1994,71610700.0,59777,46136400.0,127283,629.4616700523896
NRMM,1995,97467100.0,62144,61401900.0,101233,972.4073768033444
NRMM,1996,90894200.0,61734,52860200.0,109426,839.8831502687544
NRMM,1997,118150300.0,81107,47973100.0,114539,849.1019494392934
NRMM,1998,126400200.0,103379,57972400.0,92653,940.5229758406791
NRMM,1999,109939700.0,10173116,90193600.0,106479,19.468986861836484
NRMM,2000,122630600.0,1710447,90473400.0,126841,115.98834804342052
NRMM,2001,122481600.0,107449,98278800.0,128930,933.9256025281434
NRMM,2002,115562900.0,182084,92609200.0,228644371,0.9097379059602178
NRMM,2003,139604300.0,226271,107114900.0,824988,234.68926306457305
NRMM,2004,158500100.0,308006,106357800.0,478504,336.7508359715706
NRMM,2005,171274600.0,375242,138353300.0,543140,337.14500066421164
NRMM,2006,178181000.0,452376,167472000.0,808791,274.07393311115817
NRMM,2007,178600400.0,298517,177371300.0,784797,328.59512569762785
NRMM,2008,171288800.0,315328,137794800.0,460550,398.3662379910244
NRMM,2009,120425800.0,206887,91006500.0,362466,371.35538058111575
NRMM,2010,164590451.0,356365,127874723.0,666781,285.84891501310665
NRMM,2011,214969078.0,507846,201903858.0,982890,279.6423618937223
NRMM,2012,218967070.0,414132,174488820.0,762472,334.3995855869944
NRMM,2013,193920744.0,325635,670821021.0,809393,761.8682226341552
NRMM,2014,218185822.0,371498,170311472.0,562591,415.9103618605936
NRMM,2015,204042715.0,251638,142282332.0,340640,584.7339374415393
NRMM,2016,2743173984.0,906337,2184043556.0,1028264,2546.8908265838795
NRMM,2017,3019485281.0,1062924,2444451566.0,1549221,2091.743317082321
NRMM,2018,3374025488.0,1645886,2919598835.0,1452494,2031.2628931893441
Nickel batteries,2006,10330700.0,60423025,10774000.0,118588191,0.11789596468636915
Nickel batteries,2007,11340300.0,53651842,10952700.0,117452947,0.1302885800583875
Nickel batteries,2008,5582100.0,30580349,8648300.0,323131122,0.040231661019554554
Nickel batteries,2009,4383600.0,21429993,6496300.0,42083316,0.17130110478104676
Nickel batteries,2010,6178740.0,20121830,9129430.0,43030898,0.24239918820292292
Nickel batteries,2011,21220447.0,21579100,19458692.0,64454928,0.4728261589704948
Nickel batteries,2012,77405700.0,274688720,82998391.0,611703884,0.1809628039270057
Nickel batteries,2013,77229434.0,293572093,93138881.0,616721682,0.1871575085746357
Nickel batteries,2014,80491263.0,296290011,116955116.0,624112202,0.21452184296301774
Nickel batteries,2015,72771211.0,321101663,135554108.0,733583685,0.1975236684524416
Nickel batteries,2016,77875026.0,370832668,162466202.0,855839706,0.19592943730874304
Nickel batteries,2017,91923470.0,426418613,209627839.0,989229304,0.21301292883546835
Nickel batteries,2018,105747240.0,462532833,236701609.0,1106674668,0.21823044357216592
Shavers,1993,6529200.0,26375444,3860600.0,12604522,0.26654204880527604
Shavers,1994,6464600.0,18071899,4107400.0,14050611,0.32911500377772474
Shavers,1995,8164000.0,23668551,5194700.0,16268004,0.3344980557286426
Shavers,1996,6892900.0,21650373,4647000.0,12600484,0.3369229564095287
Shavers,1997,6580800.0,21654149,4452200.0,14049660,0.30901464882920476
Shavers,1998,6989900.0,21164661,5361200.0,15807453,0.33406529039697325
Shavers,1999,7381300.0,21711649,6146400.0,17431875,0.345592287500737
Shavers,2000,7944300.0,22580044,7085700.0,20419768,0.3495364119266382
Shavers,2001,9850400.0,24462064,8857300.0,21777940,0.40457825219911314
Shavers,2002,11093500.0,26929516,8282200.0,22504965,0.39194707030503667
Shavers,2003,12462700.0,24322278,9053400.0,23137271,0.45335660480043755
Shavers,2004,13013100.0,24706553,11698100.0,27985624,0.46897284202169137
Shavers,2005,11375000.0,23102561,14064000.0,43565603,0.38157642979338685
Shavers,2006,12704900.0,25914675,11166000.0,44821569,0.33746349325531055
Shavers,2007,10529700.0,25345740,9837100.0,30943824,0.36182195335533246
Shavers,2008,3284000.0,15124424,8294500.0,25698236,0.2836292392509454
Shavers,2009,8250900.0,17407494,8185100.0,23832450,0.39854564302997114
Shavers,2010,9939527.0,20228712,10179655.0,26187616,0.4334505305977672
Shavers,2011,11140438.0,24628544,9725729.0,26983623,0.4042877525371101
Shavers,2012,11711742.0,25496148,8608252.0,27083304,0.38646264323941604
Shavers,2013,13261555.0,27879649,12210095.0,32802218,0.41975719039758613
Shavers,2014,14784422.0,29444031,11816039.0,35245718,0.41120055976720515
Shavers,2015,15483949.0,34080731,13604959.0,41827120,0.38321343071614555
Shavers,2016,16512159.0,36909830,15887667.0,45132026,0.39491824758328237
Shavers,2017,18864311.0,45618612,18477829.0,54752899,0.3720392333238861
Shavers,2018,22458348.0,54324388,20872993.0,61724175,0.37338972478271876
Wind turbines,1996,43761000.0,2281,8559300.0,8377,4909.016701069619
Wind turbines,1997,4760200.0,1417,9744000.0,3763,2800.03861003861
Wind turbines,1998,60838400.0,3835,4351500.0,7474,5764.426562914493
Wind turbines,1999,106124200.0,10755,10861300.0,9767,5700.492154760745
Wind turbines,2000,1486800.0,6031,9566500.0,36574,259.4366858349959
Wind turbines,2001,2146900.0,1760,7665200.0,210038,46.32763293326661
Wind turbines,2006,299592800.0,1070209,1924294600.0,199372,1751.6703542349799
Wind turbines,2007,419242400.0,723674,310586300.0,346971,681.6719827767374
Wind turbines,2008,48997400.0,33978,76768200.0,228277,479.5546319421937
Wind turbines,2009,174686500.0,166956,319463100.0,121865,1710.9199123332444
Wind turbines,2010,394507468.0,94027,1112111295.0,163880,5841.713342406371
Wind turbines,2011,243697713.0,37230,282838963.0,702034,712.2444431218076
Wind turbines,2012,628069014.0,75894,236231729.0,90934,5180.789453808713
Wind turbines,2013,727659310.0,69279,173259358.0,88121,5723.7526556543835
Wind turbines,2014,187616656.0,73168,151377983.0,254124,1035.7559579824745
Wind turbines,2015,315511249.0,374439,767640376.0,80663,2380.0194791497292
Wind turbines,2016,207325178.0,82264,229311577.0,764819,515.4592348093398
Wind turbines,2017,209869617.0,70155,173921571.0,169778,1599.5764984391476
Wind turbines,2018,190892020.0,56119,132363073.0,630655,470.68627088387154
bus,1993,121190200.0,19115,38820000.0,18424,4262.505660779456
bus,1994,79348800.0,13905,42560500.0,7301,5748.811657078186
bus,1995,85109100.0,12209,48300800.0,11121,5718.3840548649805
bus,1996,101784000.0,16603,59518100.0,22921,4081.1178018419187
bus,1997,100762500.0,17746,62783500.0,17454,4646.193181818182
bus,1998,124296600.0,19991,81934800.0,390814,502.01774564574436
bus,1999,143514000.0,62378,71823700.0,9817,2982.7231802756423
bus,2000,184350200.0,35543,107453700.0,15042,5768.585549075813
bus,2001,181144900.0,35825,115202400.0,14038,5943.230451436937
bus,2002,159009900.0,37213,118578500.0,64628,2725.703793167781
bus,2003,196171000.0,40300,140484800.0,45485,3924.4133589788426
bus,2004,211143300.0,73299,174274000.0,81242,2493.9485314576714
bus,2005,207828800.0,29136,174783600.0,120879,2550.4942839049427
bus,2006,158602400.0,228783,139245400.0,214328,672.1742407658578
bus,2007,146900800.0,91817,153769600.0,260541,853.3094182621085
bus,2008,192135400.0,96388,179572500.0,40320,2718.991573280276
bus,2009,212056800.0,29904,164270200.0,96465,2978.0009337733145
bus,2010,211889402.0,90774,174265602.0,67978,2432.441821205402
bus,2011,230269434.0,93439,193326069.0,24829,3581.6577857070383
bus,2012,200494695.0,40463,192649400.0,19418,6565.423005627828
bus,2013,216786410.0,95915,223015467.0,23154,3693.6723832399703
bus,2014,256155344.0,27955,245026068.0,32449,8297.15601615787
bus,2015,264967501.0,225515,275197855.0,91574,1703.513385831738
bus,2016,261564911.0,157978,308781427.0,45521,2802.6984800908112
bus,2017,319770978.0,60952,347042921.0,57967,5607.294872980769
bus,2018,314767597.0,39974,361235507.0,61328,6673.146670352016
car,1993,5406719700.0,4906814,4948759500.0,4360436,1117.4274137419407
car,1994,6447104000.0,5716770,5307967100.0,4659843,1132.842778274568
car,1995,7458463800.0,6450364,5882138500.0,5109901,1154.0048865661818
car,1996,7968101600.0,6731202,6723903100.0,5623414,1189.1915297084101
car,1997,9077065500.0,7382611,7546575000.0,6217821,1222.287681744227
car,1998,10564545000.0,8271787,8868499100.0,7219424,1254.4560977188937
car,1999,12080082800.0,9487104,10391690500.0,8422689,1254.7198786719646
car,2000,15431552100.0,12773422,13976437900.0,11801279,1196.6774285473505
car,2001,16041436900.0,13094701,14412930500.0,11869233,1219.93462248378
car,2002,16346471700.0,13093634,14261423400.0,11608830,1239.0624311809543
car,2003,16760763300.0,13377750,15915041000.0,12808120,1247.841079941205
car,2004,17779833800.0,13957826,16572002700.0,13337004,1258.5473695934359
car,2005,18656673400.0,14358999,16715512800.0,13423675,1273.1742884072282
car,2006,12166254900.0,15235503,11287052500.0,14345399,792.8530171257117
car,2007,13558177300.0,16025474,12201417300.0,15378420,820.2675311539391
car,2008,15280505100.0,15249079,11565415900.0,13973019,918.6856125114631
car,2009,12780327600.0,10383155,9592177400.0,8441889,1188.4437029735495
car,2010,16786223815.0,12632973,13828167538.0,11020486,1294.2881357436981
car,2011,18470497905.0,13551230,14475658317.0,11236667,1329.1226852362668
car,2012,17657768991.0,12725409,13195808200.0,10139825,1349.3663432878054
car,2013,18084102936.0,12916569,13412032655.0,10059710,1370.8109825355098
car,2014,20771476621.0,14573132,16426502387.0,12304427,1383.9790662537473
car,2015,22844275184.0,15866719,18200863742.0,13489497,1398.175395834395
car,2016,24001972827.0,16656262,19875064428.0,14651800,1401.4612994889303
car,2017,23689857615.0,16156884,20028555666.0,14701120,1416.7608922793581
car,2018,23980331248.0,16237667,20160478388.0,14695088,1426.9925079741524
motorhome,1993,18582200.0,17145,11747200.0,8735,1171.9242658423493
motorhome,1994,21039900.0,10272,10930500.0,5244,2060.4795050270686
motorhome,1995,43272100.0,25172,22284700.0,10498,1837.8693580039248
motorhome,1996,30995200.0,15435,23684700.0,10782,2085.6657893733072
motorhome,1997,29190500.0,13214,25342400.0,10684,2281.902251234413
motorhome,1998,35324600.0,13859,31310800.0,14018,2390.336119381569
motorhome,1999,45384900.0,17958,43456500.0,21226,2267.2876684360963
motorhome,2000,59249400.0,23266,58774800.0,26833,2355.8194774346794
motorhome,2001,73720700.0,28696,60976100.0,27690,2388.8341077572445
motorhome,2002,81153900.0,31323,64399800.0,29015,2412.3056780138554
motorhome,2003,92775000.0,34913,81480200.0,34379,2514.795358771575
motorhome,2004,111622600.0,41732,85255100.0,50910,2125.1451825306017
motorhome,2005,122720300.0,44954,87534200.0,32969,2698.234154229175
motorhome,2006,77156200.0,11026109,40335000.0,83340,10.575790032430952
motorhome,2007,101190100.0,62487,55614300.0,173075,665.660845127822
motorhome,2008,94467700.0,51148,107896100.0,91464,1418.981572378201
motorhome,2009,61973900.0,47242,63117100.0,55236,1220.6619957454284
motorhome,2010,111004525.0,48451,82616729.0,32046,2405.3226082959613
motorhome,2011,127974415.0,46720,75982803.0,28570,2708.9549475361932
motorhome,2012,141597129.0,56884,97609857.0,48587,2267.988224251216
motorhome,2013,131231961.0,52038,71937541.0,28014,2537.9690950881927
motorhome,2014,128275206.0,47605,97239456.0,39956,2575.5149210264844
motorhome,2015,156253422.0,56812,107907488.0,46566,2555.291357929153
motorhome,2016,185018824.0,66143,123872255.0,48796,2687.4348915511705
motorhome,2017,237556639.0,90222,157763896.0,58992,2649.352842226601
motorhome,2018,248215663.0,92329,164166820.0,112505,2013.25211146587
special,1993,11754300.0,738,4171400.0,282,15613.43137254902
special,1994,12533000.0,797,2992300.0,1576,6542.477876106194
special,1995,14711600.0,3392,5407800.0,513,5152.215108834827
special,1996,5038800.0,385,4339600.0,364,12521.228304405875
special,1997,22455700.0,9162,14459300.0,16080,1462.4435464701687
special,1998,25485600.0,9061,15549300.0,18015,1515.5451322204167
special,1999,24847100.0,9691,22316000.0,21294,1522.1268355655964
special,2000,36359900.0,19551,35481700.0,35231,1311.408856923807
special,2001,44769400.0,24193,29657000.0,34142,1275.84469015171
special,2002,44054900.0,29734,29374500.0,39791,1056.1582164688962
special,2003,42409000.0,48295,27870900.0,120663,415.96077131594836
special,2004,56614200.0,65696,40630400.0,110507,551.8895819026918
special,2005,63535800.0,260500,41976900.0,189337,234.55762865215624
special,2006,65191600.0,46018,38015300.0,238933,362.1917452474285
special,2007,73158600.0,80030,47629300.0,305108,313.62238989660847
special,2008,73003100.0,78983,45616500.0,285944,325.0502155225566
special,2009,46233400.0,107227,26587700.0,346030,160.66183202906961
special,2010,54285261.0,83376,36924876.0,203488,317.9560244575827
special,2011,59760847.0,129762,41800536.0,255892,263.3484496465744
special,2012,270076363.0,136221,140567250.0,244282,1079.2125502295646
special,2013,260178477.0,149228,140388948.0,221081,1081.711287060266
special,2014,257144878.0,101437,155004606.0,301672,1022.4268969435066
special,2015,244926283.0,104889,146083235.0,252310,1094.6545707014857
special,2016,256769760.0,112558,149974459.0,227915,1194.6445650609594
special,2017,285447718.0,180839,19407149012.0,3169329,5878.092301639798
special,2018,305243770.0,393011,12998401077.0,4281182,2846.19074287262
truck,1993,1241344400.0,1435249,1114483900.0,572325,1173.470218283361
truck,1994,1667337200.0,831914,1496536100.0,737871,2015.4819290539788
truck,1995,2202621900.0,938688,1943354700.0,981817,2158.7950044389368
truck,1996,2450931600.0,1196361,2114979700.0,1061544,2022.1892860859957
truck,1997,2899839900.0,1222781,2327928100.0,1047668,2302.5260642278245
truck,1998,3240874100.0,1469370,2853460700.0,1248398,2242.4043553386455
truck,1999,3162048100.0,1481913,3170540400.0,1383238,2210.211084860798
truck,2000,3721558800.0,1476905,3464527200.0,1454066,2451.776561419407
truck,2001,3646516100.0,1380044,3328758300.0,1417329,2493.508874218776
truck,2002,3936065600.0,1529707,3516135800.0,775337552,9.592631577230621
truck,2003,4034704400.0,1630817,3604762000.0,2349230,1919.4412528294263
truck,2004,4373081200.0,1639699,3853493300.0,2772607,1864.461463008232
truck,2005,4604619200.0,1640248,4063431000.0,3266101,1766.700697402488
truck,2006,3226938400.0,5387760,2881555700.0,3889738,658.4204167977185
truck,2007,3802760100.0,2138775,3449133700.0,3789102,1223.354296993679
truck,2008,4152952000.0,2482036,3544872600.0,4255554,1142.5190016014628
truck,2009,2111167700.0,828891,1565316400.0,1809798,1393.2995135084127
truck,2010,3806261959.0,3692367,3145494001.0,1874476,1248.7788788007854
truck,2011,4676759748.0,1705129,3693340345.0,2012528,2251.4449539051075
truck,2012,4375210479.0,1504785,3146254900.0,1331704,2651.681490391819
truck,2013,4613061094.0,1642958,3444321316.0,1503896,2560.456382787381
truck,2014,4940203309.0,1714933,3862507976.0,1561343,2686.8039460045493
truck,2015,5344283007.0,1790780,4507055635.0,1911270,2661.0495919828204
truck,2016,5981131424.0,2270740,5223254813.0,2162588,2527.3082066113766
truck,2017,6321601763.0,2006753,5511536259.0,2249583,2780.123096954752
truck,2018,6772100745.0,2586268,15042378198.0,2644407,4170.490222198856
