UNU_Key,Country,AverageWeight,Year
0702,,0.48,2014.0
0703,,7.37,2014.0
0801,,0.18,2014.0
0802,,67.04,2014.0
0901,,0.24,2014.0
0902,,5.51,2014.0
0112,,41.7,2014.0
0113,,110.1,2014.0
0114,,22.9,2014.0
0002,,17.0,2014.0
0109,,44.05,2009.0
0111,,26.7,2009.0
0201,,1.01,2009.0
0202,,3.27,2009.0
0203,,1.89,2009.0
0204,,5.8,2009.0
0205,,0.55,2009.0
0301,,0.41,2009.0
0302,,8.88,2009.0
0303,,2.43,2009.0
0304,,10.08,2009.0
0305,,0.47,2009.0
0306,,0.09,2009.0
0307,,40.0,2009.0
0308,,21.47,2009.0
0309,,5.46,2009.0
0401,,0.39,2009.0
0402,,0.24,2009.0
0403,,3.76,2009.0
0404,,3.51,2009.0
0405,,2.2,2009.0
0406,,0.34,2009.0
0407,,32.61,2009.0
0408,,14.15,2009.0
0501,,0.09,2009.0
0502,,0.08,2009.0
0505,,0.08,2009.0
0504,,0.07,2009.0
0503,,0.11,2009.0
0506,,0.45,2009.0
0507,,2.67,2009.0
0701,,0.45,2009.0
0702,,0.48,2009.0
0703,,7.37,2009.0
0801,,0.18,2009.0
0802,,67.04,2009.0
0901,,0.24,2009.0
0902,,5.51,2009.0
1001,,44.0,2009.0
1002,,92.22,2009.0
0001,,30.85,2010.0
1001,,44.0,2010.0
1002,,92.22,2010.0
0101,,124.61,2010.0
0102,,43.3,2010.0
0103,,47.66,2010.0
0104,,72.54,2010.0
0105,,45.98,2010.0
0106,,12.14,2010.0
0108,,40.79,2010.0
0109,,44.09,2010.0
0111,,26.7,2010.0
0201,,0.99,2010.0
0202,,3.27,2010.0
0203,,1.89,2010.0
0204,,5.88,2010.0
0205,,0.55,2010.0
0301,,0.4,2010.0
0302,,8.77,2010.0
0303,,2.28,2010.0
0304,,10.32,2010.0
0305,,0.45,2010.0
0306,,0.09,2010.0
0307,,40.0,2010.0
0308,,22.0,2010.0
0309,,5.5,2010.0
0401,,0.39,2010.0
0402,,0.23,2010.0
0403,,3.73,2010.0
0404,,3.51,2010.0
0405,,2.14,2010.0
0406,,0.29,2010.0
0407,,33.2,2010.0
0408,,14.7,2010.0
0501,,0.09,2010.0
0502,,0.08,2010.0
0505,,0.08,2010.0
0504,,0.07,2010.0
0503,,0.11,2010.0
0506,,0.45,2010.0
0507,,2.67,2010.0
0701,,0.45,2010.0
0702,,0.48,2010.0
0703,,7.37,2010.0
0103,,46.0,2006.0
0103,,46.41,2007.0
0103,,46.83,2008.0
0104,,69.36,1993.0
0104,,69.36,1994.0
0104,,69.36,1995.0
0104,,69.36,1996.0
0104,,69.58,1997.0
0104,,69.81,1998.0
0104,,70.04,1999.0
0104,,70.26,2000.0
0104,,70.49,2001.0
0104,,70.72,2002.0
0104,,70.95,2003.0
0104,,71.17,2004.0
0104,,71.4,2005.0
0104,,71.63,2006.0
0104,,71.85,2007.0
0104,,72.08,2008.0
0105,,38.27,1993.0
0105,,38.27,1994.0
0105,,38.27,1995.0
0105,,38.27,1996.0
0105,,38.82,1997.0
0105,,39.37,1998.0
0105,,39.92,1999.0
0105,,40.47,2000.0
0105,,41.02,2001.0
0105,,41.57,2002.0
0105,,42.12,2003.0
0105,,42.67,2004.0
0105,,43.22,2005.0
0105,,43.77,2006.0
0105,,44.32,2007.0
0105,,44.87,2008.0
0106,,12.14,1993.0
0106,,12.14,1994.0
0106,,12.14,1995.0
0106,,12.14,1996.0
0106,,12.14,1997.0
0106,,12.14,1998.0
0106,,12.14,1999.0
0106,,12.14,2000.0
0106,,12.14,2001.0
0106,,12.14,2002.0
0106,,12.14,2003.0
0106,,12.14,2004.0
0106,,12.14,2005.0
0106,,12.14,2006.0
0106,,12.14,2007.0
0106,,12.14,2008.0
0108,,33.59,1993.0
0108,,33.59,1994.0
0108,,33.59,1995.0
0108,,33.59,1996.0
0108,,34.1,1997.0
0108,,34.61,1998.0
0108,,35.13,1999.0
0108,,35.64,2000.0
0108,,36.16,2001.0
0108,,36.67,2002.0
0108,,37.19,2003.0
0108,,37.7,2004.0
0108,,38.21,2005.0
0108,,38.73,2006.0
0108,,39.24,2007.0
0108,,39.76,2008.0
0109,,43.59,1993.0
0109,,43.59,1994.0
0109,,43.59,1995.0
0109,,43.59,1996.0
0109,,43.62,1997.0
0109,,43.66,1998.0
0109,,43.69,1999.0
0109,,43.73,2000.0
0109,,43.76,2001.0
0109,,43.8,2002.0
0109,,43.84,2003.0
0109,,43.87,2004.0
0109,,43.91,2005.0
0109,,43.94,2006.0
0109,,43.98,2007.0
0109,,44.01,2008.0
0111,,26.7,1993.0
0111,,26.7,1994.0
0111,,26.7,1995.0
0111,,26.7,1996.0
0111,,26.7,1997.0
0111,,26.7,1998.0
0111,,26.7,1999.0
0111,,26.7,2000.0
0111,,26.7,2001.0
0111,,26.7,2002.0
0111,,26.7,2003.0
0111,,26.7,2004.0
0111,,26.7,2005.0
0111,,26.7,2006.0
0111,,26.7,2007.0
0111,,26.7,2008.0
0201,,1.3,1993.0
0201,,1.3,1994.0
0201,,1.3,1995.0
0201,,1.3,1996.0
0201,,1.27,1997.0
0201,,1.25,1998.0
0201,,1.23,1999.0
0201,,1.21,2000.0
0201,,1.18,2001.0
0201,,1.16,2002.0
0201,,1.14,2003.0
0201,,1.12,2004.0
0201,,1.1,2005.0
0201,,1.07,2006.0
0201,,1.05,2007.0
0201,,1.03,2008.0
0202,,3.27,1993.0
0202,,3.27,1994.0
0202,,3.27,1995.0
0202,,3.27,1996.0
0202,,3.27,1997.0
0202,,3.27,1998.0
0202,,3.27,1999.0
0202,,3.27,2000.0
0202,,3.27,2001.0
0202,,3.27,2002.0
0202,,3.27,2003.0
0202,,3.27,2004.0
0202,,3.27,2005.0
0202,,3.27,2006.0
0202,,3.27,2007.0
0202,,3.27,2008.0
0203,,1.89,1993.0
0203,,1.89,1994.0
0203,,1.89,1995.0
0203,,1.89,1996.0
0203,,1.89,1997.0
0203,,1.89,1998.0
0203,,1.89,1999.0
0203,,1.89,2000.0
0203,,1.89,2001.0
0203,,1.89,2002.0
0203,,1.89,2003.0
0203,,1.89,2004.0
0203,,1.89,2005.0
0203,,1.89,2006.0
0203,,1.89,2007.0
0203,,1.89,2008.0
0204,,4.88,1993.0
0204,,4.88,1994.0
0204,,4.88,1995.0
0204,,4.88,1996.0
0204,,4.95,1997.0
0204,,5.02,1998.0
0204,,5.09,1999.0
0204,,5.16,2000.0
0204,,5.23,2001.0
0204,,5.3,2002.0
0204,,5.38,2003.0
0204,,5.45,2004.0
0204,,5.52,2005.0
0204,,5.59,2006.0
0204,,5.66,2007.0
0204,,5.73,2008.0
0205,,0.55,1993.0
0205,,0.55,1994.0
0205,,0.55,1995.0
0205,,0.55,1996.0
0205,,0.55,1997.0
0205,,0.55,1998.0
0205,,0.55,1999.0
0205,,0.55,2000.0
0205,,0.55,2001.0
0205,,0.55,2002.0
0205,,0.55,2003.0
0205,,0.55,2004.0
0205,,0.55,2005.0
0205,,0.55,2006.0
0205,,0.55,2007.0
0205,,0.55,2008.0
0301,,0.65,1993.0
0301,,0.65,1994.0
0301,,0.65,1995.0
0301,,0.65,1996.0
0301,,0.63,1997.0
0301,,0.61,1998.0
0301,,0.59,1999.0
0301,,0.57,2000.0
0301,,0.56,2001.0
0301,,0.54,2002.0
0301,,0.52,2003.0
0301,,0.5,2004.0
0301,,0.48,2005.0
0301,,0.47,2006.0
0301,,0.45,2007.0
0301,,0.43,2008.0
0302,,10.31,1993.0
0302,,10.31,1994.0
0302,,10.31,1995.0
0302,,10.31,1996.0
0302,,10.2,1997.0
0302,,10.09,1998.0
0302,,9.98,1999.0
0302,,9.87,2000.0
0302,,9.76,2001.0
0302,,9.65,2002.0
0302,,9.54,2003.0
0302,,9.43,2004.0
0302,,9.32,2005.0
0302,,9.21,2006.0
0302,,9.1,2007.0
0302,,8.99,2008.0
0303,,4.62,1993.0
0303,,4.52,1994.0
0303,,4.43,1995.0
0303,,4.34,1996.0
0303,,4.2,1997.0
0303,,4.07,1998.0
0303,,3.94,1999.0
0303,,3.81,2000.0
0303,,3.69,2001.0
0303,,3.56,2002.0
0303,,3.43,2003.0
0303,,3.3,2004.0
0303,,2.98,2005.0
0303,,2.6,2006.0
0303,,2.51,2007.0
0303,,2.6,2008.0
0304,,7.0,1993.0
0304,,7.0,1994.0
0304,,7.0,1995.0
0304,,7.0,1996.0
0304,,7.23,1997.0
0304,,7.47,1998.0
0304,,7.71,1999.0
0304,,7.94,2000.0
0304,,8.18,2001.0
0304,,8.42,2002.0
0304,,8.66,2003.0
0304,,8.89,2004.0
0304,,9.13,2005.0
0304,,9.37,2006.0
0304,,9.6,2007.0
0304,,9.84,2008.0
0305,,0.82,1993.0
0305,,0.82,1994.0
0305,,0.82,1995.0
0305,,0.82,1996.0
0305,,0.79,1997.0
0305,,0.76,1998.0
0305,,0.74,1999.0
0305,,0.71,2000.0
0305,,0.68,2001.0
0305,,0.66,2002.0
0305,,0.63,2003.0
0305,,0.6,2004.0
0305,,0.58,2005.0
0305,,0.55,2006.0
0305,,0.52,2007.0
0305,,0.5,2008.0
0306,,0.12,1993.0
0306,,0.12,1994.0
0306,,0.12,1995.0
0306,,0.12,1996.0
0306,,0.11,1997.0
0306,,0.11,1998.0
0306,,0.11,1999.0
0306,,0.11,2000.0
0306,,0.1,2001.0
0306,,0.1,2002.0
0306,,0.1,2003.0
0306,,0.1,2004.0
0306,,0.1,2005.0
0306,,0.09,2006.0
0306,,0.09,2007.0
0306,,0.09,2008.0
0307,,40.0,1993.0
0307,,40.0,1994.0
0307,,40.0,1995.0
0307,,40.0,1996.0
0307,,40.0,1997.0
0307,,40.0,1998.0
0307,,40.0,1999.0
0307,,40.0,2000.0
0307,,40.0,2001.0
0307,,40.0,2002.0
0307,,40.0,2003.0
0307,,40.0,2004.0
0307,,40.0,2005.0
0307,,40.0,2006.0
0307,,40.0,2007.0
0307,,40.0,2008.0
0308,,14.6,1993.0
0308,,14.6,1994.0
0308,,14.6,1995.0
0308,,14.6,1996.0
0308,,15.12,1997.0
0308,,15.65,1998.0
0308,,16.18,1999.0
0308,,16.71,2000.0
0308,,17.24,2001.0
0308,,17.77,2002.0
0308,,18.3,2003.0
0308,,18.82,2004.0
0308,,19.35,2005.0
0308,,19.88,2006.0
0308,,20.41,2007.0
0308,,20.94,2008.0
0309,,5.0,1993.0
0309,,5.0,1994.0
0309,,5.0,1995.0
0309,,5.0,1996.0
0309,,5.03,1997.0
0309,,5.07,1998.0
0309,,5.1,1999.0
0309,,5.14,2000.0
1001,,44.0,2005.0
0309,,5.17,2001.0
0309,,5.21,2002.0
0309,,5.25,2003.0
0309,,5.28,2004.0
0309,,5.32,2005.0
0309,,5.35,2006.0
0309,,5.39,2007.0
0309,,5.42,2008.0
0401,,0.39,1993.0
0401,,0.39,1994.0
0401,,0.39,1995.0
0401,,0.39,1996.0
0401,,0.39,1997.0
0401,,0.39,1998.0
0401,,0.39,1999.0
0401,,0.39,2000.0
0401,,0.39,2001.0
0401,,0.39,2002.0
0401,,0.39,2003.0
0401,,0.39,2004.0
0401,,0.39,2005.0
0401,,0.39,2006.0
0401,,0.39,2007.0
0401,,0.39,2008.0
0402,,0.4,1993.0
0402,,0.4,1994.0
0402,,0.4,1995.0
0402,,0.4,1996.0
0402,,0.38,1997.0
0402,,0.37,1998.0
0402,,0.36,1999.0
0402,,0.35,2000.0
0402,,0.33,2001.0
0402,,0.32,2002.0
0402,,0.31,2003.0
0402,,0.3,2004.0
0402,,0.29,2005.0
0402,,0.27,2006.0
0402,,0.26,2007.0
0402,,0.25,2008.0
0403,,4.15,1993.0
0403,,4.15,1994.0
0403,,4.15,1995.0
0403,,4.15,1996.0
0403,,4.12,1997.0
0403,,4.09,1998.0
0403,,4.06,1999.0
0403,,4.03,2000.0
0403,,4.0,2001.0
0403,,3.97,2002.0
0403,,3.94,2003.0
0403,,3.91,2004.0
0403,,3.88,2005.0
0403,,3.85,2006.0
0403,,3.82,2007.0
0403,,3.79,2008.0
0404,,3.51,1993.0
0404,,3.51,1994.0
0404,,3.51,1995.0
0404,,3.51,1996.0
0404,,3.51,1997.0
0404,,3.51,1998.0
0404,,3.51,1999.0
0404,,3.51,2000.0
0404,,3.51,2001.0
0404,,3.51,2002.0
0404,,3.51,2003.0
0404,,3.51,2004.0
0404,,3.51,2005.0
0404,,3.51,2006.0
0404,,3.51,2007.0
0404,,3.51,2008.0
0405,,3.0,1993.0
0405,,3.0,1994.0
0405,,3.0,1995.0
0405,,3.0,1996.0
0405,,2.93,1997.0
0405,,2.87,1998.0
0405,,2.81,1999.0
0405,,2.75,2000.0
0405,,2.69,2001.0
0405,,2.63,2002.0
0405,,2.57,2003.0
0405,,2.5,2004.0
0405,,2.44,2005.0
0405,,2.38,2006.0
0405,,2.32,2007.0
0405,,2.26,2008.0
0406,,1.0,1993.0
0406,,1.0,1994.0
0406,,1.0,1995.0
0406,,1.0,1996.0
0406,,0.94,1997.0
0406,,0.89,1998.0
0406,,0.84,1999.0
0406,,0.79,2000.0
0406,,0.74,2001.0
0406,,0.69,2002.0
0406,,0.64,2003.0
0406,,0.59,2004.0
0406,,0.54,2005.0
0406,,0.49,2006.0
0406,,0.44,2007.0
0406,,0.39,2008.0
0407,,25.0,1993.0
0407,,25.0,1994.0
0407,,25.0,1995.0
0407,,25.0,1996.0
0407,,25.58,1997.0
0407,,26.17,1998.0
0407,,26.75,1999.0
0407,,27.34,2000.0
0407,,27.92,2001.0
0407,,28.51,2002.0
0407,,29.1,2003.0
0407,,29.68,2004.0
0407,,30.27,2005.0
0407,,30.85,2006.0
0407,,31.44,2007.0
0407,,32.02,2008.0
0408,,7.0,1993.0
0408,,7.0,1994.0
0408,,7.0,1995.0
0408,,7.0,1996.0
0408,,7.55,1997.0
0801,,0.18,2010.0
0802,,67.04,2010.0
0901,,0.24,2010.0
0902,,5.51,2010.0
0112,,41.7,1998.0
0112,,41.7,2003.0
0112,,41.7,1996.0
0112,,41.7,2008.0
0112,,41.7,2007.0
0112,,41.7,2006.0
0112,,41.7,2009.0
0112,,41.7,2004.0
0112,,41.7,2010.0
0112,,41.7,2002.0
0112,,41.7,1993.0
0112,,41.7,2000.0
0112,,41.7,1999.0
0112,,41.7,1997.0
0112,,41.7,1995.0
0112,,41.7,1994.0
0112,,41.7,2001.0
0112,,41.7,2005.0
0113,,92.87,1998.0
0113,,100.05,2003.0
0113,,90.0,1996.0
0113,,107.22,2008.0
0113,,105.79,2007.0
0113,,104.35,2006.0
0113,,108.66,2009.0
0113,,101.48,2004.0
0113,,110.1,2010.0
0113,,98.61,2002.0
0113,,90.0,1993.0
0113,,95.74,2000.0
0113,,94.3,1999.0
0113,,91.43,1997.0
0113,,90.0,1995.0
0113,,90.0,1994.0
0113,,97.17,2001.0
0113,,102.92,2005.0
0114,,17.27,1998.0
0114,,19.62,2003.0
0114,,16.34,1996.0
0114,,21.96,2008.0
0114,,21.49,2007.0
0114,,21.02,2006.0
0114,,22.43,2009.0
0114,,20.08,2004.0
0114,,22.9,2010.0
0114,,19.15,2002.0
0114,,16.34,1993.0
0114,,18.21,2000.0
0114,,17.74,1999.0
0114,,16.8,1997.0
0114,,16.34,1995.0
0114,,16.34,1994.0
0114,,18.68,2001.0
0114,,20.55,2005.0
0001,,30.85,2011.0
1001,,44.0,2011.0
1002,,92.22,2011.0
0101,,124.61,2011.0
0102,,43.3,2011.0
0103,,47.66,2011.0
0104,,72.54,2011.0
0105,,45.98,2011.0
0106,,12.14,2011.0
0108,,40.79,2011.0
0109,,44.09,2011.0
0111,,26.7,2011.0
0201,,0.99,2011.0
0202,,3.27,2011.0
0203,,1.89,2011.0
0204,,5.88,2011.0
0205,,0.55,2011.0
0301,,0.4,2011.0
0302,,8.77,2011.0
0303,,1.91,2011.0
0304,,10.32,2011.0
0305,,0.45,2011.0
0306,,0.09,2011.0
0307,,40.0,2011.0
0308,,22.0,2011.0
0309,,5.5,2011.0
0401,,0.39,2011.0
0402,,0.23,2011.0
0403,,3.73,2011.0
0404,,3.51,2011.0
0405,,2.14,2011.0
0406,,0.29,2011.0
0407,,33.2,2011.0
0408,,14.0,2011.0
0501,,0.09,2011.0
0502,,0.08,2011.0
0505,,0.08,2011.0
0504,,0.07,2011.0
0503,,0.11,2011.0
0506,,0.45,2011.0
0507,,2.67,2011.0
0701,,0.45,2011.0
0702,,0.48,2011.0
0703,,7.37,2011.0
0801,,0.18,2011.0
0802,,67.04,2011.0
0901,,0.24,2011.0
0902,,5.51,2011.0
0112,,41.7,2011.0
0113,,110.1,2011.0
0114,,22.9,2011.0
0002,,17.0,1999.0
0002,,17.0,2000.0
0002,,17.0,2001.0
0002,,17.0,2002.0
0002,,17.0,2003.0
0002,,17.0,2004.0
0002,,17.0,2005.0
0002,,17.0,2006.0
0002,,17.0,2007.0
0002,,17.0,2008.0
0002,,17.0,2009.0
0002,,17.0,2010.0
0002,,17.0,2011.0
0002,,17.0,1998.0
0002,,17.0,1997.0
0002,,17.0,1996.0
0002,,17.0,1995.0
0002,,17.0,1994.0
0002,,17.0,1993.0
0001,,30.85,2012.0
1001,,44.0,2012.0
1002,,92.22,2012.0
0101,,124.61,2012.0
0102,,43.3,2012.0
0103,,47.66,2012.0
0104,,72.54,2012.0
0105,,45.98,2012.0
0106,,12.14,2012.0
0108,,40.79,2012.0
0109,,44.09,2012.0
0111,,26.7,2012.0
0201,,0.99,2012.0
0202,,3.27,2012.0
0203,,1.89,2012.0
0204,,5.88,2012.0
0205,,0.55,2012.0
0301,,0.4,2012.0
0302,,8.77,2012.0
0303,,1.59,2012.0
0304,,10.32,2012.0
0305,,0.45,2012.0
0306,,0.09,2012.0
0307,,40.0,2012.0
0308,,22.0,2012.0
0309,,5.5,2012.0
0401,,0.39,2012.0
0402,,0.23,2012.0
0403,,3.73,2012.0
0404,,3.51,2012.0
0405,,2.14,2012.0
0406,,0.29,2012.0
0407,,33.2,2012.0
0408,,13.5,2012.0
0501,,0.09,2012.0
0502,,0.08,2012.0
0505,,0.08,2012.0
0504,,0.07,2012.0
0503,,0.11,2012.0
0506,,0.45,2012.0
0507,,2.67,2012.0
0701,,0.45,2012.0
0702,,0.48,2012.0
0703,,7.37,2012.0
0801,,0.18,2012.0
0802,,67.04,2012.0
0901,,0.24,2012.0
0902,,5.51,2012.0
0112,,41.7,2012.0
0113,,110.1,2012.0
0114,,22.9,2012.0
0002,,17.0,2012.0
0408,,8.1,1998.0
0408,,8.65,1999.0
0408,,9.2,2000.0
0408,,9.75,2001.0
0408,,10.3,2002.0
0408,,10.85,2003.0
0408,,11.4,2004.0
0408,,11.95,2005.0
0408,,12.5,2006.0
0408,,13.05,2007.0
0408,,13.6,2008.0
0501,,0.09,1993.0
0501,,0.09,1994.0
0501,,0.09,1995.0
0501,,0.09,1996.0
0501,,0.09,1997.0
0501,,0.09,1998.0
0501,,0.09,1999.0
0501,,0.09,2000.0
0501,,0.09,2001.0
0501,,0.09,2002.0
0501,,0.09,2003.0
0501,,0.09,2004.0
0501,,0.09,2005.0
0501,,0.09,2006.0
0501,,0.09,2007.0
0501,,0.09,2008.0
0502,,0.08,1993.0
0502,,0.08,1994.0
0502,,0.08,1995.0
0502,,0.08,1996.0
0502,,0.08,1997.0
0502,,0.08,1998.0
0502,,0.08,1999.0
0502,,0.08,2000.0
0502,,0.08,2001.0
0502,,0.08,2002.0
0502,,0.08,2003.0
0502,,0.08,2004.0
0502,,0.08,2005.0
0502,,0.08,2006.0
0502,,0.08,2007.0
0502,,0.08,2008.0
0505,,0.08,1993.0
0505,,0.08,1994.0
0505,,0.08,1995.0
0505,,0.08,1996.0
0505,,0.08,1997.0
0505,,0.08,1998.0
0505,,0.08,1999.0
0505,,0.08,2000.0
0505,,0.08,2001.0
0505,,0.08,2002.0
0505,,0.08,2003.0
0505,,0.08,2004.0
0505,,0.08,2005.0
0505,,0.08,2006.0
0505,,0.08,2007.0
0505,,0.08,2008.0
0504,,0.07,1993.0
0504,,0.07,1994.0
0504,,0.07,1995.0
0504,,0.07,1996.0
0504,,0.07,1997.0
0504,,0.07,1998.0
0504,,0.07,1999.0
0504,,0.07,2000.0
0504,,0.07,2001.0
0504,,0.07,2002.0
0504,,0.07,2003.0
0504,,0.07,2004.0
0504,,0.07,2005.0
0504,,0.07,2006.0
0504,,0.07,2007.0
0504,,0.07,2008.0
0503,,0.11,1993.0
0503,,0.11,1994.0
0503,,0.11,1995.0
0503,,0.11,1996.0
0503,,0.11,1997.0
0503,,0.11,1998.0
0503,,0.11,1999.0
0503,,0.11,2000.0
0503,,0.11,2001.0
0503,,0.11,2002.0
0503,,0.11,2003.0
0503,,0.11,2004.0
0503,,0.11,2005.0
0503,,0.11,2006.0
0503,,0.11,2007.0
0503,,0.11,2008.0
0506,,0.45,1993.0
0506,,0.45,1994.0
0506,,0.45,1995.0
0506,,0.45,1996.0
0506,,0.45,1997.0
0506,,0.45,1998.0
0506,,0.45,1999.0
0506,,0.45,2000.0
0506,,0.45,2001.0
0506,,0.45,2002.0
0506,,0.45,2003.0
0506,,0.45,2004.0
0506,,0.45,2005.0
0506,,0.45,2006.0
0506,,0.45,2007.0
0506,,0.45,2008.0
0507,,2.67,1993.0
0507,,2.67,1994.0
0507,,2.67,1995.0
0507,,2.67,1996.0
0507,,2.67,1997.0
0507,,2.67,1998.0
0507,,2.67,1999.0
0507,,2.67,2000.0
0507,,2.67,2001.0
0507,,2.67,2002.0
0507,,2.67,2003.0
0507,,2.67,2004.0
0507,,2.67,2005.0
0507,,2.67,2006.0
0507,,2.67,2007.0
0507,,2.67,2008.0
0701,,0.45,1993.0
0701,,0.45,1994.0
0701,,0.45,1995.0
0701,,0.45,1996.0
0701,,0.45,1997.0
0701,,0.45,1998.0
0701,,0.45,1999.0
0701,,0.45,2000.0
0701,,0.45,2001.0
0701,,0.45,2002.0
0701,,0.45,2003.0
0701,,0.45,2004.0
0701,,0.45,2005.0
0701,,0.45,2006.0
0701,,0.45,2007.0
0701,,0.45,2008.0
0702,,0.48,1993.0
0702,,0.48,1994.0
0702,,0.48,1995.0
0702,,0.48,1996.0
0702,,0.48,1997.0
0702,,0.48,1998.0
0702,,0.48,1999.0
0702,,0.48,2000.0
0702,,0.48,2001.0
0702,,0.48,2002.0
0702,,0.48,2003.0
0702,,0.48,2004.0
0702,,0.48,2005.0
0702,,0.48,2006.0
0702,,0.48,2007.0
0702,,0.48,2008.0
0703,,7.37,1993.0
0703,,7.37,1994.0
0703,,7.37,1995.0
0703,,7.37,1996.0
0703,,7.37,1997.0
0703,,7.37,1998.0
0703,,7.37,1999.0
0703,,7.37,2000.0
0703,,7.37,2001.0
0703,,7.37,2002.0
0703,,7.37,2003.0
0703,,7.37,2004.0
0703,,7.37,2005.0
0703,,7.37,2006.0
0703,,7.37,2007.0
0703,,7.37,2008.0
1001,,44.0,1993.0
1001,,44.0,1994.0
1001,,44.0,1995.0
1001,,44.0,1996.0
1001,,44.0,1997.0
1001,,44.0,1998.0
1001,,44.0,1999.0
1001,,44.0,2000.0
1001,,44.0,2001.0
1001,,44.0,2002.0
1001,,44.0,2003.0
1001,,44.0,2004.0
0801,,0.18,1993.0
0801,,0.18,1994.0
0801,,0.18,1995.0
0801,,0.18,1996.0
0801,,0.18,1997.0
0801,,0.18,1998.0
0801,,0.18,1999.0
0801,,0.18,2000.0
0801,,0.18,2001.0
0801,,0.18,2002.0
0801,,0.18,2003.0
0801,,0.18,2004.0
0801,,0.18,2005.0
0801,,0.18,2006.0
0801,,0.18,2007.0
0801,,0.18,2008.0
0802,,67.04,1993.0
0802,,67.04,1994.0
0802,,67.04,1995.0
0802,,67.04,1996.0
0802,,67.04,1997.0
0802,,67.04,1998.0
0802,,67.04,1999.0
0802,,67.04,2000.0
0802,,67.04,2001.0
0802,,67.04,2002.0
0802,,67.04,2003.0
0802,,67.04,2004.0
0802,,67.04,2005.0
0802,,67.04,2006.0
0802,,67.04,2007.0
0802,,67.04,2008.0
0901,,0.24,1993.0
0901,,0.24,1994.0
0901,,0.24,1995.0
0901,,0.24,1996.0
0901,,0.24,1997.0
0901,,0.24,1998.0
0901,,0.24,1999.0
0901,,0.24,2000.0
0901,,0.24,2001.0
0901,,0.24,2002.0
0901,,0.24,2003.0
0901,,0.24,2004.0
0901,,0.24,2005.0
0901,,0.24,2006.0
0901,,0.24,2007.0
0901,,0.24,2008.0
0902,,5.51,1993.0
0902,,5.51,1994.0
0902,,5.51,1995.0
0902,,5.51,1996.0
0902,,5.51,1997.0
0902,,5.51,1998.0
0902,,5.51,1999.0
0902,,5.51,2000.0
0902,,5.51,2001.0
0902,,5.51,2002.0
0902,,5.51,2003.0
0902,,5.51,2004.0
0902,,5.51,2005.0
0902,,5.51,2006.0
0902,,5.51,2007.0
0902,,5.51,2008.0
0001,,30.85,1993.0
0001,,30.85,1994.0
0001,,30.85,1995.0
0001,,30.85,1996.0
0001,,30.85,1997.0
0001,,30.85,1998.0
0001,,30.85,1999.0
0001,,30.85,2000.0
0001,,30.85,2001.0
0001,,30.85,2002.0
0001,,30.85,2003.0
0001,,30.85,2004.0
0001,,30.85,2005.0
0001,,30.85,2006.0
0001,,30.85,2007.0
0001,,30.85,2008.0
0101,,124.61,1993.0
0101,,124.61,1994.0
0101,,124.61,1995.0
0101,,124.61,1996.0
0101,,124.61,1997.0
0101,,124.61,1998.0
0101,,124.61,1999.0
0101,,124.61,2000.0
0101,,124.61,2001.0
0101,,124.61,2002.0
0101,,124.61,2003.0
0101,,124.61,2004.0
0101,,124.61,2005.0
0101,,124.61,2006.0
0101,,124.61,2007.0
0101,,124.61,2008.0
0102,,49.35,1993.0
0102,,49.35,1994.0
0102,,49.35,1995.0
0102,,49.35,1996.0
0102,,48.91,1997.0
0102,,48.48,1998.0
0102,,48.05,1999.0
0102,,47.62,2000.0
0102,,47.18,2001.0
0102,,46.75,2002.0
0102,,46.32,2003.0
0102,,45.89,2004.0
0102,,45.46,2005.0
0102,,45.02,2006.0
0102,,44.59,2007.0
0102,,44.16,2008.0
0103,,41.86,1993.0
0103,,41.86,1994.0
0103,,41.86,1995.0
0103,,41.86,1996.0
0103,,42.27,1997.0
0103,,42.68,1998.0
0103,,43.1,1999.0
0103,,43.51,2000.0
0103,,43.93,2001.0
0103,,44.34,2002.0
0103,,44.76,2003.0
0103,,45.17,2004.0
0103,,45.58,2005.0
1001,,44.0,2006.0
1001,,44.0,2007.0
1001,,44.0,2008.0
1002,,92.22,1993.0
1002,,92.22,1994.0
1002,,92.22,1995.0
1002,,92.22,1996.0
1002,,92.22,1997.0
1002,,92.22,1998.0
1002,,92.22,1999.0
1002,,92.22,2000.0
1002,,92.22,2001.0
1002,,92.22,2002.0
1002,,92.22,2003.0
1002,,92.22,2004.0
1002,,92.22,2005.0
1002,,92.22,2006.0
1002,,92.22,2007.0
1002,,92.22,2008.0
0001,,30.85,2009.0
0101,,124.61,2009.0
0102,,43.73,2009.0
0103,,47.24,2009.0
0104,,72.31,2009.0
0105,,45.42,2009.0
0106,,12.14,2009.0
0108,,40.27,2009.0
0001,,30.85,2013.0
1001,,44.0,2013.0
1002,,92.22,2013.0
0101,,124.61,2013.0
0102,,43.3,2013.0
0103,,47.66,2013.0
0104,,72.54,2013.0
0105,,45.98,2013.0
0106,,12.14,2013.0
0108,,40.79,2013.0
0109,,44.09,2013.0
0111,,26.7,2013.0
0201,,0.99,2013.0
0202,,3.27,2013.0
0203,,1.89,2013.0
0204,,5.88,2013.0
0205,,0.55,2013.0
0301,,0.4,2013.0
0302,,8.77,2013.0
0303,,1.21,2013.0
0304,,10.32,2013.0
0305,,0.45,2013.0
0306,,0.09,2013.0
0307,,40.0,2013.0
0308,,22.0,2013.0
0309,,5.5,2013.0
0401,,0.39,2013.0
0402,,0.23,2013.0
0403,,3.73,2013.0
0404,,3.51,2013.0
0405,,2.14,2013.0
0406,,0.29,2013.0
0407,,33.2,2013.0
0408,,10.4,2013.0
0501,,0.09,2013.0
0502,,0.08,2013.0
0505,,0.08,2013.0
0504,,0.07,2013.0
0503,,0.11,2013.0
0506,,0.45,2013.0
0507,,2.67,2013.0
0701,,0.45,2013.0
0702,,0.48,2013.0
0703,,7.37,2013.0
0801,,0.18,2013.0
0802,,67.04,2013.0
0901,,0.24,2013.0
0902,,5.51,2013.0
0112,,41.7,2013.0
0113,,110.1,2013.0
0114,,22.9,2013.0
0002,,17.0,2013.0
0001,,30.85,2014.0
1001,,44.0,2014.0
1002,,92.22,2014.0
0101,,124.61,2014.0
0102,,43.3,2014.0
0103,,47.66,2014.0
0104,,72.54,2014.0
0105,,45.98,2014.0
0106,,12.14,2014.0
0108,,40.79,2014.0
0109,,44.09,2014.0
0111,,26.7,2014.0
0201,,0.99,2014.0
0202,,3.27,2014.0
0203,,1.89,2014.0
0204,,5.88,2014.0
0205,,0.55,2014.0
0301,,0.4,2014.0
0302,,8.77,2014.0
0303,,1.16,2014.0
0304,,10.32,2014.0
0305,,0.45,2014.0
0306,,0.09,2014.0
0307,,40.0,2014.0
0308,,22.0,2014.0
0309,,5.5,2014.0
0401,,0.39,2014.0
0402,,0.23,2014.0
0403,,3.73,2014.0
0404,,3.51,2014.0
0405,,2.14,2014.0
0406,,0.29,2014.0
0407,,33.2,2014.0
0408,,10.2,2014.0
0501,,0.09,2014.0
0502,,0.08,2014.0
0505,,0.08,2014.0
0504,,0.07,2014.0
0503,,0.11,2014.0
0506,,0.45,2014.0
0507,,2.67,2014.0
0701,,0.45,2014.0
0602,,23.17,1993.0
0602,,23.17,1994.0
0602,,23.17,1995.0
0602,,23.17,1996.0
0602,,23.17,1997.0
0602,,23.17,1998.0
0602,,23.17,1999.0
0602,,23.17,2000.0
0602,,23.17,2001.0
0602,,23.17,2002.0
0602,,23.17,2003.0
0602,,23.17,2004.0
0602,,23.17,2005.0
0602,,23.17,2006.0
0602,,23.17,2007.0
0602,,23.17,2008.0
0602,,23.17,2009.0
0602,,23.17,2010.0
0602,,23.17,2011.0
0602,,23.17,2012.0
0602,,23.17,2013.0
0602,,23.17,2014.0
0601,,2.6,1993.0
0601,,2.6,1994.0
0601,,2.6,1995.0
0601,,2.6,1996.0
0601,,2.59,1997.0
0601,,2.58,1998.0
0601,,2.57,1999.0
0601,,2.56,2000.0
0601,,2.56,2001.0
0601,,2.55,2002.0
0601,,2.54,2003.0
0601,,2.53,2004.0
0601,,2.52,2005.0
0601,,2.52,2006.0
0601,,2.51,2007.0
0601,,2.5,2008.0
0601,,2.49,2009.0
0601,,2.49,2010.0
0601,,2.49,2011.0
0601,,2.49,2012.0
0601,,2.49,2013.0
0601,,2.49,2014.0
0702,,0.48,2015.0
0703,,7.37,2015.0
0801,,0.18,2015.0
0802,,67.04,2015.0
0901,,0.24,2015.0
0902,,5.51,2015.0
0112,,41.7,2015.0
0113,,110.1,2015.0
0114,,22.9,2015.0
0002,,17.0,2015.0
0001,,30.85,2015.0
1001,,44.0,2015.0
1002,,92.22,2015.0
0101,,124.61,2015.0
0102,,43.3,2015.0
0103,,47.66,2015.0
0104,,72.54,2015.0
0105,,45.98,2015.0
0106,,12.14,2015.0
0108,,40.79,2015.0
0109,,44.09,2015.0
0111,,26.7,2015.0
0201,,0.99,2015.0
0202,,3.27,2015.0
0203,,1.89,2015.0
0204,,5.88,2015.0
0205,,0.55,2015.0
0301,,0.4,2015.0
0302,,8.77,2015.0
0303,,1.09,2015.0
0304,,10.32,2015.0
0305,,0.45,2015.0
0306,,0.09,2015.0
0307,,40.0,2015.0
0308,,22.0,2015.0
0309,,5.5,2015.0
0401,,0.39,2015.0
0402,,0.23,2015.0
0403,,3.73,2015.0
0404,,3.51,2015.0
0405,,2.14,2015.0
0406,,0.29,2015.0
0407,,33.2,2015.0
0408,,10.2,2015.0
0501,,0.09,2015.0
0502,,0.08,2015.0
0505,,0.08,2015.0
0504,,0.07,2015.0
0503,,0.11,2015.0
0506,,0.45,2015.0
0507,,2.67,2015.0
0701,,0.45,2015.0
0602,,23.17,2015.0
0601,,2.49,2015.0
0001,,30.85,2016.0
0002,,17.0,2016.0
0101,,124.61,2016.0
0102,,43.3,2016.0
0103,,47.66,2016.0
0104,,72.54,2016.0
0105,,45.98,2016.0
0106,,12.14,2016.0
0108,,40.79,2016.0
0109,,44.09,2016.0
0111,,26.7,2016.0
0112,,41.7,2016.0
0113,,110.1,2016.0
0114,,22.9,2016.0
0201,,0.99,2016.0
0202,,3.27,2016.0
0203,,1.89,2016.0
0204,,5.88,2016.0
0205,,0.55,2016.0
0301,,0.4,2016.0
0302,,8.77,2016.0
0303,,1.05,2016.0
0304,,10.32,2016.0
0305,,0.45,2016.0
0306,,0.09,2016.0
0307,,40.0,2016.0
0308,,22.0,2016.0
0309,,5.5,2016.0
0401,,0.39,2016.0
0402,,0.23,2016.0
0403,,3.73,2016.0
0404,,3.51,2016.0
0405,,2.14,2016.0
0406,,0.29,2016.0
0407,,33.2,2016.0
0408,,10.2,2016.0
0501,,0.09,2016.0
0502,,0.08,2016.0
0503,,0.11,2016.0
0504,,0.07,2016.0
0505,,0.08,2016.0
0506,,0.45,2016.0
0507,,2.67,2016.0
0601,,2.49,2016.0
0602,,23.17,2016.0
0701,,0.45,2016.0
0702,,0.48,2016.0
0703,,7.37,2016.0
0801,,0.18,2016.0
0802,,67.04,2016.0
0901,,0.24,2016.0
0902,,5.51,2016.0
1001,,44.0,2016.0
1002,,92.22,2016.0
0001,,30.85,2017.0
0002,,17.0,2017.0
0101,,124.61,2017.0
0102,,43.3,2017.0
0103,,47.66,2017.0
0104,,72.54,2017.0
0105,,45.98,2017.0
0106,,12.14,2017.0
0108,,40.79,2017.0
0109,,44.09,2017.0
0111,,26.7,2017.0
0112,,41.7,2017.0
0113,,110.1,2017.0
0114,,22.9,2017.0
0201,,0.99,2017.0
0202,,3.27,2017.0
0203,,1.89,2017.0
0204,,5.88,2017.0
0205,,0.55,2017.0
0301,,0.4,2017.0
0302,,8.77,2017.0
0303,,0.99,2017.0
0304,,10.32,2017.0
0305,,0.45,2017.0
0306,,0.09,2017.0
0307,,40.0,2017.0
0308,,22.0,2017.0
0309,,5.5,2017.0
0401,,0.39,2017.0
0402,,0.23,2017.0
0403,,3.73,2017.0
0404,,3.51,2017.0
0405,,2.14,2017.0
0406,,0.29,2017.0
0407,,33.2,2017.0
0408,,10.2,2017.0
0501,,0.09,2017.0
0502,,0.08,2017.0
0503,,0.11,2017.0
0504,,0.07,2017.0
0505,,0.08,2017.0
0506,,0.45,2017.0
0507,,2.67,2017.0
0601,,2.49,2017.0
0602,,23.17,2017.0
0701,,0.45,2017.0
0702,,0.48,2017.0
0703,,7.37,2017.0
0801,,0.18,2017.0
0802,,67.04,2017.0
0901,,0.24,2017.0
0902,,5.51,2017.0
1001,,44.0,2017.0
1002,,92.22,2017.0
0001,,30.85,2018.0
0002,,17.0,2018.0
0101,,124.61,2018.0
0102,,43.3,2018.0
0103,,47.66,2018.0
0104,,72.54,2018.0
0105,,45.98,2018.0
0106,,12.14,2018.0
0108,,40.79,2018.0
0109,,44.09,2018.0
0111,,26.7,2018.0
0112,,41.7,2018.0
0113,,110.1,2018.0
0114,,22.9,2018.0
0201,,0.99,2018.0
0202,,3.27,2018.0
0203,,1.89,2018.0
0204,,5.88,2018.0
0205,,0.55,2018.0
0301,,0.4,2018.0
0302,,8.77,2018.0
0303,,0.98,2018.0
0304,,10.32,2018.0
0305,,0.45,2018.0
0306,,0.09,2018.0
0307,,40.0,2018.0
0308,,22.0,2018.0
0309,,5.5,2018.0
0401,,0.39,2018.0
0402,,0.23,2018.0
0403,,3.73,2018.0
0404,,3.51,2018.0
0405,,2.14,2018.0
0406,,0.29,2018.0
0407,,33.2,2018.0
0408,,10.2,2018.0
0501,,0.09,2018.0
0502,,0.08,2018.0
0503,,0.11,2018.0
0504,,0.07,2018.0
0505,,0.08,2018.0
0506,,0.45,2018.0
0507,,2.67,2018.0
0601,,2.49,2018.0
0602,,23.17,2018.0
0701,,0.45,2018.0
0702,,0.48,2018.0
0703,,7.37,2018.0
0801,,0.18,2018.0
0802,,67.04,2018.0
0901,,0.24,2018.0
0902,,5.51,2018.0
1001,,44.0,2018.0
1002,,92.22,2018.0
0001,,30.85,2019.0
0002,,17.0,2019.0
0101,,124.61,2019.0
0102,,43.3,2019.0
0103,,47.66,2019.0
0104,,72.54,2019.0
0105,,45.98,2019.0
0106,,12.14,2019.0
0108,,40.79,2019.0
0109,,44.09,2019.0
0111,,26.7,2019.0
0112,,41.7,2019.0
0113,,110.1,2019.0
0114,,22.9,2019.0
0201,,0.99,2019.0
0202,,3.27,2019.0
0203,,1.89,2019.0
0204,,5.88,2019.0
0205,,0.55,2019.0
0301,,0.4,2019.0
0302,,8.77,2019.0
0303,,0.97,2019.0
0304,,10.32,2019.0
0305,,0.45,2019.0
0306,,0.09,2019.0
0307,,40.0,2019.0
0308,,22.0,2019.0
0309,,5.5,2019.0
0401,,0.39,2019.0
0402,,0.23,2019.0
0403,,3.73,2019.0
0404,,3.51,2019.0
0405,,2.14,2019.0
0406,,0.29,2019.0
0407,,33.2,2019.0
0408,,10.2,2019.0
0501,,0.09,2019.0
0502,,0.08,2019.0
0503,,0.11,2019.0
0504,,0.07,2019.0
0505,,0.08,2019.0
0506,,0.45,2019.0
0507,,2.67,2019.0
0601,,2.49,2019.0
0602,,23.17,2019.0
0701,,0.45,2019.0
0702,,0.48,2019.0
0703,,7.37,2019.0
0801,,0.18,2019.0
0802,,67.04,2019.0
0901,,0.24,2019.0
0902,,5.51,2019.0
1001,,44.0,2019.0
1002,,92.22,2019.0
0001,,30.85,2020.0
0002,,17.0,2020.0
0101,,124.61,2020.0
0102,,43.3,2020.0
0103,,47.66,2020.0
0104,,72.54,2020.0
0105,,45.98,2020.0
0106,,12.14,2020.0
0108,,40.79,2020.0
0109,,44.09,2020.0
0111,,26.7,2020.0
0112,,41.7,2020.0
0113,,110.1,2020.0
0114,,22.9,2020.0
0201,,0.99,2020.0
0202,,3.27,2020.0
0203,,1.89,2020.0
0204,,5.88,2020.0
0205,,0.55,2020.0
0301,,0.4,2020.0
0302,,8.77,2020.0
0303,,0.85,2020.0
0304,,10.32,2020.0
0305,,0.45,2020.0
0306,,0.09,2020.0
0307,,40.0,2020.0
0308,,22.0,2020.0
0309,,5.5,2020.0
0401,,0.39,2020.0
0402,,0.23,2020.0
0403,,3.73,2020.0
0404,,3.51,2020.0
0405,,2.14,2020.0
0406,,0.29,2020.0
0407,,33.2,2020.0
0408,,10.2,2020.0
0501,,0.09,2020.0
0502,,0.08,2020.0
0503,,0.11,2020.0
0504,,0.07,2020.0
0505,,0.08,2020.0
0506,,0.45,2020.0
0507,,2.67,2020.0
0601,,2.49,2020.0
0602,,23.17,2020.0
0701,,0.45,2020.0
0702,,0.48,2020.0
0703,,7.37,2020.0
0801,,0.18,2020.0
0802,,67.04,2020.0
0901,,0.24,2020.0
0902,,5.51,2020.0
1001,,44.0,2020.0
1002,,92.22,2020.0
0001,,30.85,2021.0
0002,,17.0,2021.0
0101,,124.61,2021.0
0102,,43.3,2021.0
0103,,47.66,2021.0
0104,,72.54,2021.0
0105,,45.98,2021.0
0106,,12.14,2021.0
0108,,40.79,2021.0
0109,,44.09,2021.0
0111,,26.7,2021.0
0112,,41.7,2021.0
0113,,110.1,2021.0
0114,,22.9,2021.0
0201,,0.99,2021.0
0202,,3.27,2021.0
0203,,1.89,2021.0
0204,,5.88,2021.0
0205,,0.55,2021.0
0301,,0.4,2021.0
0302,,8.77,2021.0
0303,,0.82,2021.0
0304,,10.32,2021.0
0305,,0.45,2021.0
0306,,0.09,2021.0
0307,,40.0,2021.0
0308,,22.0,2021.0
0309,,5.5,2021.0
0401,,0.39,2021.0
0402,,0.23,2021.0
0403,,3.73,2021.0
0404,,3.51,2021.0
0405,,2.14,2021.0
0406,,0.29,2021.0
0407,,33.2,2021.0
0408,,10.2,2021.0
0501,,0.09,2021.0
0502,,0.08,2021.0
0503,,0.11,2021.0
0504,,0.07,2021.0
0505,,0.08,2021.0
0506,,0.45,2021.0
0507,,2.67,2021.0
0601,,2.49,2021.0
0602,,23.17,2021.0
0701,,0.45,2021.0
0702,,0.48,2021.0
0703,,7.37,2021.0
0801,,0.18,2021.0
0802,,67.04,2021.0
0901,,0.24,2021.0
0902,,5.51,2021.0
1001,,44.0,2021.0
1002,,92.22,2021.0
0303,,4.86,1992.0
0303,,4.96,1991.0
0303,,5.0,1990.0
0303,,5.0,1989.0
0303,,5.0,1988.0
0303,,5.0,1987.0
0303,,5.0,1986.0
0303,,5.0,1985.0
0303,,5.0,1984.0
0303,,5.0,1983.0
0303,,5.0,1982.0
0303,,5.0,1981.0
0303,,5.0,1980.0
0303,AUT,1.48,2012.0
0303,AUT,1.31,2013.0
0303,AUT,1.33,2014.0
0303,AUT,1.19,2015.0
0303,AUT,1.1,2016.0
0303,BEL,1.54,2012.0
0303,BEL,1.3,2013.0
0303,BEL,1.31,2014.0
0303,BEL,1.2,2015.0
0303,BEL,1.13,2016.0
0303,BGR,2.01,2012.0
0303,BGR,1.51,2013.0
0303,BGR,1.36,2014.0
0303,BGR,1.18,2015.0
0303,BGR,1.21,2016.0
0303,CHE,1.49,2012.0
0303,CHE,1.34,2013.0
0303,CHE,1.36,2014.0
0303,CHE,1.22,2015.0
0303,CHE,1.16,2016.0
0303,CZE,1.77,2012.0
0303,CZE,1.35,2013.0
0303,CZE,1.27,2014.0
0303,CZE,1.09,2015.0
0303,CZE,1.05,2016.0
0303,DEU,1.49,2012.0
0303,DEU,1.25,2013.0
0303,DEU,1.33,2014.0
0303,DEU,1.18,2015.0
0303,DEU,1.11,2016.0
0303,ESP,1.4,2012.0
0303,ESP,1.05,2013.0
0303,ESP,1.23,2014.0
0303,ESP,1.09,2015.0
0303,ESP,1.0,2016.0
0303,FRA,1.58,2012.0
0303,FRA,1.32,2013.0
0303,FRA,1.34,2014.0
0303,FRA,1.18,2015.0
0303,FRA,1.12,2016.0
0303,GBR,1.3,2012.0
0303,GBR,1.07,2013.0
0303,GBR,1.18,2014.0
0303,GBR,1.08,2015.0
0303,GBR,1.02,2016.0
0303,GRC,1.7,2012.0
0303,GRC,1.32,2013.0
0303,GRC,1.22,2014.0
0303,GRC,1.12,2015.0
0303,GRC,1.04,2016.0
0303,HUN,1.62,2012.0
0303,HUN,1.34,2013.0
0303,HUN,1.41,2014.0
0303,HUN,1.34,2015.0
0303,HUN,1.37,2016.0
0303,ITA,1.42,2012.0
0303,ITA,1.12,2013.0
0303,ITA,1.19,2014.0
0303,ITA,1.04,2015.0
0303,ITA,0.97,2016.0
0303,LTU,1.77,2012.0
0303,LTU,1.48,2013.0
0303,LTU,1.55,2014.0
0303,LTU,1.38,2015.0
0303,LTU,1.31,2016.0
0303,NLD,1.36,2012.0
0303,NLD,1.26,2013.0
0303,NLD,1.33,2014.0
0303,NLD,1.17,2015.0
0303,NLD,1.1,2016.0
0303,POL,1.74,2012.0
0303,POL,1.35,2013.0
0303,POL,1.38,2014.0
0303,POL,1.29,2015.0
0303,POL,1.29,2016.0
0303,ROU,1.78,2012.0
0303,ROU,1.2,2013.0
0303,ROU,1.06,2014.0
0303,ROU,0.99,2015.0
0303,ROU,0.96,2016.0
BEV,,1130.9276909694195,
Buses,,3704.857142857143,
Electric bikes,,33.601542455479816,
HEV,,1510.037037037037,
Industrial machines,,202.80593254309107,
Industrial pumps,,9.283749377266346,
Industrial robots,,30.807453416149073,
NRMM,,3784.75,
PHEV,,1800.7483277591973,
Trucks,,3475.0,
Wind turbines,,1035.7559579824745,
special,,3778.8,
Cars,,1127.5336020584032,1993.0
Cars,,1158.066534822614,1994.0
Cars,,1175.9698531577433,1995.0
Cars,,1209.8263106098593,1996.0
Cars,,1245.1726159229702,1997.0
Cars,,1316.7344198319984,1998.0
Cars,,1283.0033374871994,1999.0
Cars,,1267.7787173346546,2000.0
Cars,,1263.9695184022735,2001.0
Cars,,1269.6595954612728,2002.0
Cars,,1288.8651909273465,2003.0
Cars,,1284.8191877331265,2004.0
Cars,,1321.3923957253746,2005.0
Cars,,1079.2268749017387,2006.0
Cars,,1101.8459514330596,2007.0
Cars,,1155.2125915035476,2008.0
Cars,,1308.955920230316,2009.0
Cars,,1389.6756574583155,2010.0
Cars,,1387.0102026231334,2011.0
Cars,,1394.4765652613542,2012.0
Cars,,1394.9140163536815,2013.0
Cars,,1434.287916731883,2014.0
Cars,,1457.160901498796,2015.0
Cars,,1437.1419339019317,2016.0
Cars,,1401.217741935484,2017.0
Cars,,1451.977712050044,2018.0
Fans,,2.004241170183065,2006.0
Fans,,2.2074477045004177,2007.0
Fans,,2.0005558770857674,2008.0
Fans,,2.0024605177951473,2009.0
Fans,,2.349190003783494,2010.0
Fans,,2.21909798385368,2011.0
Fans,,2.2234414102176485,2012.0
Fans,,2.3849064470290875,2013.0
Fans,,2.2131528687814743,2014.0
Fans,,2.244198819912576,2015.0
Fans,,2.1529236753307703,2016.0
Fans,,2.1330703314930206,2017.0
Fans,,2.1567630709666266,2018.0
Motorhomes,,1776.3610038610038,1993.0
Motorhomes,,1927.6041666666665,1994.0
Motorhomes,,1902.0833333333335,1995.0
Motorhomes,,2312.309074573225,1996.0
Motorhomes,,2310.448952444297,1997.0
Motorhomes,,2341.428571428572,1998.0
Motorhomes,,2168.6507936507933,1999.0
Motorhomes,,2344.2844284428447,2000.0
Motorhomes,,2386.3265195760328,2001.0
Motorhomes,,2423.015873015873,2002.0
Motorhomes,,2502.428223844282,2003.0
Motorhomes,,2325.0,2004.0
Motorhomes,,2476.589417555373,2005.0
Motorhomes,,2100.0,2006.0
Motorhomes,,2034.1188524590164,2007.0
Motorhomes,,2206.25,2008.0
Motorhomes,,2180.551948051948,2009.0
Motorhomes,,2558.5,2010.0
Motorhomes,,2583.8318682515483,2011.0
Motorhomes,,2594.629261363636,2012.0
Motorhomes,,2563.8034682080925,2013.0
Motorhomes,,2474.6132044560945,2014.0
Motorhomes,,2630.988427779743,2015.0
Motorhomes,,2651.288778446247,2016.0
Motorhomes,,2740.8227958236653,2017.0
Motorhomes,,2560.6666666666665,2018.0
NiMH batteries,,0.06450082848407548,2012.0
NiMH batteries,,0.0604231977049884,2013.0
NiMH batteries,,0.05035986936529015,2014.0
NiMH batteries,,0.06007665433696423,2015.0
NiMH batteries,,0.06009208850543131,2016.0
NiMH batteries,,0.05641590527385749,2017.0
NiMH batteries,,0.048896782593315036,2018.0
Shavers,,0.34163138460872106,1993.0
Shavers,,0.3044430162044368,1994.0
Shavers,,0.34240752305133787,1995.0
Shavers,,0.3559883188785249,1996.0
Shavers,,0.33572647760494506,1997.0
Shavers,,0.35894941781863876,1998.0
Shavers,,0.345592287500737,1999.0
Shavers,,0.3610517160149313,2000.0
Shavers,,0.4045782521991131,2001.0
Shavers,,0.39972932014717455,2002.0
Shavers,,0.42069441744700686,2003.0
Shavers,,0.41476647187187027,2004.0
Shavers,,0.4217056831190703,2005.0
Shavers,,0.3520883752703653,2006.0
Shavers,,0.3576846286814176,2007.0
Shavers,,0.3406184766160362,2008.0
Shavers,,0.3985456430299712,2009.0
Shavers,,0.4334505305977672,2010.0
Shavers,,0.4087503621570523,2011.0
Shavers,,0.3894421614087582,2012.0
Shavers,,0.3728056240025863,2013.0
Shavers,,0.3586175029370832,2014.0
Shavers,,0.3552143967133767,2015.0
Shavers,,0.36133608113740145,2016.0
Shavers,,0.3595367380590089,2017.0
Shavers,,0.3497888156724231,2018.0
Headphones + earphones,,0.0855,
Laptops,,1.81,
MRIs,,16000.0,
Tablets,,0.5,
