UNU_Key	Product	Component	1990	1991	1992	1993	1994	1995	1996	1997	1998	1999	2000	2001	2002	2003	2004	2005	2006	2007	2008	2009	2010	2011	2012	2013	2014	2015	2016	2017	2018	2019	2020	Nd_content	Component_weight	Nd_concentration	Content_source	Component_source	Conc_source	Prod_weight
0001	Central heating (household)	NdFeB	0	0.000700934579439	0.001557632398754	0.002725856697819	0.004672897196262	0.007373168472624	0.010851805806136	0.014330443139649	0.017809080473162	0.021287717806674	0.024766355140187	0.029065420560748	0.033364485981309	0.037663551401869	0.04196261682243	0.046261682242991	0.057009345794393	0.067757009345794	0.078504672897196	0.089252336448598	0.1	0.098736194448099	0.097472388896198	0.096208583344297	0.094944777792396	0.093680972240495	0.09319328459878	0.092480870711065	0.091745827653492	0.090413785759208	0.088829087335843		200	0.2231		Grundfos	Walton (2019) – M6 Presentation	30.85
0102	Dishwashers	NdFeB	0	0.000424528301887	0.000943396226415	0.001650943396226	0.002830188679245	0.004465635999457	0.006572508799566	0.008679381599674	0.010786254399783	0.012893127199891	0.015	0.022693760695958	0.031893241051778	0.042598441067459	0.054809360743001	0.068526000078404	0.094429757920403	0.124097814912054	0.157530171053359	0.194726826344317	0.235687780784928	0.25	0.199531868817504	0.150289475180802	0.102272819089893	0.055481900544778	0.01	0.009923555233536	0.009844682269595	0.009701749020701	0.009531704748714		35.1351351351351	0.2280		Seo & Morimoto (2014)	Habib et al. (2014); Sekine et al. (2017)	45.488275862069
0104	Washing machines	NdFeB	0	0.000424528301887	0.000943396226415	0.001650943396226	0.002830188679245	0.004465635999457	0.006572508799566	0.008679381599674	0.010786254399783	0.012893127199891	0.015	0.022693760695958	0.031893241051778	0.042598441067459	0.054809360743001	0.068526000078404	0.094429757920403	0.124097814912054	0.157530171053359	0.194726826344317	0.235687780784928	0.25	0.199531868817504	0.150289475180802	0.102272819089893	0.055481900544778	0.01	0.009923555233536	0.009844682269595	0.009701749020701	0.009531704748714	0.000111363	130	0.2280		Seo & Morimoto (2014)	Habib et al. (2014); Sekine et al. (2017)	71.3865517241379
0105	Dryers	NdFeB	0	0.000424528301887	0.000943396226415	0.001650943396226	0.002830188679245	0.004465635999457	0.006572508799566	0.008679381599674	0.010786254399783	0.012893127199891	0.015	0.022693760695958	0.031893241051778	0.042598441067459	0.054809360743001	0.068526000078404	0.094429757920403	0.124097814912054	0.157530171053359	0.194726826344317	0.235687780784928	0.25	0.199531868817504	0.150289475180802	0.102272819089893	0.055481900544778	0.01	0.009923555233536	0.009844682269595	0.009701749020701	0.009531704748714		101.891891891892	0.2280		Seo & Morimoto (2014)	Habib et al. (2014); Sekine et al. (2017)	43.1862068965517
0106	Heating and ventilation (household)	NdFeB	0	0.00035046728972	0.000778816199377	0.00136292834891	0.002336448598131	0.003686584236312	0.005425902903068	0.007165221569824	0.008904540236581	0.010643858903337	0.012383177570094	0.014532710280374	0.016682242990654	0.018831775700935	0.020981308411215	0.023130841121495	0.028504672897196	0.033878504672897	0.039252336448598	0.044626168224299	0.05	0.04936809722405	0.048736194448099	0.048104291672149	0.047472388896198	0.046840486120248	0.04659664229939	0.046240435355532	0.045872913826746	0.045206892879604	0.044414543667921	0.0001226		0.2280	Nansai et al. (2014)			12.14
0108	Fridges	NdFeB	0	0.000283018867925	0.00062893081761	0.001100628930818	0.00188679245283	0.002977090666305	0.004381672533044	0.005786254399783	0.007190836266522	0.008595418133261	0.01	0.014147925373219	0.019009391007302	0.024584396902248	0.030872943058059	0.037875029474732	0.051405360911062	0.066719542999551	0.0838175757402	0.102699459133007	0.123365193177974	0.13	0.104760651572001	0.080132649312547	0.056115993221638	0.032710683299275	0.01	0.009923555233536	0.009844682269595	0.009701749020701	0.009531704748714	2.9175E-05	112.5	0.2280		Seo & Morimoto (2014); Sekine et al (2017)	Habib et al. (2014); Sekine et al. (2017)	38.1810344827586
0109	Freezers	NdFeB	0	0.000283018867925	0.00062893081761	0.001100628930818	0.00188679245283	0.002977090666305	0.004381672533044	0.005786254399783	0.007190836266522	0.008595418133261	0.01	0.014147925373219	0.019009391007302	0.024584396902248	0.030872943058059	0.037875029474732	0.051405360911062	0.066719542999551	0.0838175757402	0.102699459133007	0.123365193177974	0.13	0.104760651572001	0.080132649312547	0.056115993221638	0.032710683299275	0.01	0.009923555233536	0.009844682269595	0.009701749020701	0.009531704748714	2.9175E-05	112.5	0.2280		Seo & Morimoto (2014); Sekine et al (2017)	Habib et al. (2014); Sekine et al. (2017)	43.9068965517241
0111	Air conditioners	NdFeB	0	0	0	0	0	0.00395343053404	0.011637292863373	0.023051586987999	0.038196312907917	0.057071470623127	0.07967706013363	0.109092427616927	0.143118040089087	0.181753897550111	0.225	0.233643345365179	0.27016895783734	0.3	0.340199173780063	0.378375707540136	0.414529601280217	0.4	0.394940071587564	0.389878587288495	0.384815547102791	0.379750951030453	0.377831396112412	0.375	0.37201947933156	0.366618192486876	0.360192410547402		152	0.2280		Morimoto et al. (2017); Sekine et al (2017); Schulze & Buchert (2016)		26.7
0112	Other cooling	NdFeB	0	0	0	0	0	0.00098835763351	0.002909323215843	0.005762896747	0.009549078226979	0.014267867655782	0.019919265033408	0.027273106904232	0.035779510022272	0.045438474387528	0.05625	0.058410836341295	0.067542239459335	0.075	0.085049793445016	0.094593926885034	0.103632400320054	0.1	0.098735017896891	0.097469646822124	0.096203886775698	0.094937737757613	0.094457849028103	0.09375	0.09300486983289	0.091654548121719	0.090048102636851		200	0.2280				41.7
0113	Cooling (professional)	NdFeB	0	0.000283018867925	0.00062893081761	0.001100628930818	0.00188679245283	0.002977090666305	0.004381672533044	0.005786254399783	0.007190836266522	0.008595418133261	0.01	0.014147925373219	0.019009391007302	0.024584396902248	0.030872943058059	0.037875029474732	0.051405360911062	0.066719542999551	0.0838175757402	0.102699459133007	0.123365193177974	0.13	0.123587147576355	0.117297440909988	0.1111308800009	0.10508746484909	0.1	0.099235552335362	0.09844682269595	0.097017490207006	0.095317047487138		350	0.2280		Morimoto et al. (2019)		102.820344827586
0114	Microwaves	NdFeB	0	0.00045	0.001	0.00175	0.003	0.004733574159424	0.006966859327539	0.009200144495655	0.01143342966377	0.013666714831885	0.0159	0.01866	0.02142	0.02418	0.02694	0.0297	0.0366	0.0435	0.0504	0.0573	0.0642	0.06338863683568	0.062577273671359	0.061765910507039	0.060954547342718	0.060143184178398	0.059830088712417	0.059372718996504	0.058900821353542	0.058045650457412	0.057028274069611	2.2E-05	110	0.2280		Habib et al. (2014)		20.5227586206896
0201b	Fans	NdFeB	0	0.00035046728972	0.000778816199377	0.00136292834891	0.002336448598131	0.003686584236312	0.005425902903068	0.007165221569824	0.008904540236581	0.010643858903337	0.012383177570094	0.014532710280374	0.016682242990654	0.018831775700935	0.020981308411215	0.023130841121495	0.028504672897196	0.033878504672897	0.039252336448598	0.044626168224299	0.05	0.04936809722405	0.048736194448099	0.048104291672149	0.047472388896198	0.046840486120248	0.04659664229939	0.046240435355532	0.045872913826746	0.045206892879604	0.044414543667921	2.753E-05	0.6	0.2280				1.96735850756287
0204	Vacuum cleaners	NdFeB	0	0.001457114438388	0.003238032085307	0.005666556149287	0.009714096255921	0.015327465006397	0.022558914036394	0.029790363066391	0.037021812096389	0.044253261126386	0.051484710156383	0.060421678711831	0.069358647267279	0.078295615822726	0.087232584378174	0.096169552933622	0.118511974322241	0.14085439571086	0.163196817099479	0.185539238488098	0.207881659876717	0.205254439917812	0.202627219958906	0.2	0.2	0.2	0.2	0.2	0.2	0.2	0.2	0.001912	16.8	0.2280				3.27
0205	Personal care	NdFeB	0	0.002586206896552	0.005747126436782	0.010057471264368	0.017241379310345	0.027204449192094	0.040039421422641	0.052874393653187	0.065709365883734	0.078544338114281	0.091379310344828	0.107241379310345	0.123103448275862	0.138965517241379	0.154827586206897	0.170689655172414	0.210344827586207	0.25	0.289655172413793	0.329310344827586	0.368965517241379	0.364302510549883	0.359639503858386	0.35497649716689	0.350313490475393	0.345650483783897	0.343851084554118	0.341222522968411	0.338510467549092	0.333595692283974	0.327748701549488	0.0004182	1	0.2280		Habib et al. (2014)		1.89
0205b	Shavers	NdFeB	0	0.002586206896552	0.005747126436782	0.010057471264368	0.017241379310345	0.027204449192094	0.040039421422641	0.052874393653187	0.065709365883734	0.078544338114281	0.091379310344828	0.107241379310345	0.123103448275862	0.138965517241379	0.154827586206897	0.170689655172414	0.210344827586207	0.25	0.289655172413793	0.329310344827586	0.368965517241379	0.364302510549883	0.359639503858386	0.35497649716689	0.350313490475393	0.345650483783897	0.343851084554118	0.341222522968411	0.338510467549092	0.333595692283974	0.327748701549488	0.00062	1	0.2280		Habib et al. (2014)		5.51586206896552
0205c	Toothbrushes	NdFeB	0	0.002586206896552	0.005747126436782	0.010057471264368	0.017241379310345	0.027204449192094	0.040039421422641	0.052874393653187	0.065709365883734	0.078544338114281	0.091379310344828	0.107241379310345	0.123103448275862	0.138965517241379	0.154827586206897	0.170689655172414	0.210344827586207	0.25	0.289655172413793	0.329310344827586	0.368965517241379	0.364302510549883	0.359639503858386	0.35497649716689	0.350313490475393	0.345650483783897	0.343851084554118	0.341222522968411	0.338510467549092	0.333595692283974	0.327748701549488		1	0.2280		Habib et al. (2014)		0.55
0301b	HDDs	NdFeB	1	1	1	1	1	1	1	1	1	1	1	1	1	1	1	1	1	1	1	1	1	1	1	1	1	0.816987084517107	0.751803854131579	0.679973050362136	0.615107442348008	0.533364442370509	0.488548276247862	0.005645660158515	15.03	0.2868		Danczak et al. (2018); Tecchio et al. (2018); Zepf in Sprecher (2014); Auerbach et al. (2017);	Danczak et al. (2018); Habib et al. (2014)	0.488275862068966
0302	Desktop PCs	NdFeB	1	1	1	1	1	1	1	1	1	1	1	1	1	1	1	1	0.993307149075715	0.990048198133096	0.985225968306727	0.978118729063869	0.96770453530155	0.952574126822433	0.930861579656653	0.900249510880315	0.858148935099512	0.802183888558582	0.731058578630005	0.645656306225795	0.549833997312478	0.450166002687522	0.354343693774205	0.0005108	18.86	0.2698		Yang et al. (2017); Hobohm & Kuchta (2015); Glöser-Chahoud et al. (2016); 	Habib et al. (2014); Reimer et al. (2018); Sekine et al. (2017); Böni (2015)	9.32758620689656
0303a	Laptops	NdFeB	1	1	1	1	1	1	1	1	1	1	1	1	1	1	1	1	0.994819733384604	0.992297305355016	0.988564899469407	0.983063896295435	0.975003310323399	0.963292374160563	0.94648686265425	0.922793121421364	0.890207275767022	0.846890329744342	0.791839339859624	0.725737981018766	0.651571513919858	0.574428486080142	0.500262018981234	0.0017727	11.4315	0.2700		Böni (2015); Hobohm & Kuchta (2015); Glöser-Chahoud et al. (2016); Buchert et al. (2012); 	Habib et al. (2014); Sekine et al. (2017); Böni (2015); Buchert et al. (2012)	1.81
0303b	Tablets	NdFeB	1	1	1	1	1	1	1	1	1	1	1	1	1	1	1	1	1	1	1	1	1	1	1	1	1	1	1	1	1	1	1		2.4	0.2245		Manhart et al. (2016)		0.5
0304	Printers	NdFeB	0	7.00934579439252E-05	0.000155763239875	0.000272585669782	0.000467289719626	0.000737316847262	0.001085180580614	0.001433044313965	0.001780908047316	0.002128771780667	0.002476635514019	0.002906542056075	0.003336448598131	0.003766355140187	0.004196261682243	0.004626168224299	0.005700934579439	0.006775700934579	0.00785046728972	0.00892523364486	0.01	0.00987361944481	0.00974723888962	0.00962085833443	0.00949447777924	0.00936809722405	0.009319328459878	0.009248087071106	0.009174582765349	0.009041378575921	0.008882908733584	0.00036268	15	0.2280		Glöser-Chahoud et al. (2016)		9.11586206896551
0305	Telecom	NdFeB	0	0.003504672897196	0.007788161993769	0.013629283489097	0.023364485981309	0.036865842363118	0.054259029030681	0.071652215698245	0.089045402365808	0.106438589033371	0.123831775700935	0.145327102803738	0.166822429906542	0.188317757009346	0.209813084112149	0.231308411214953	0.285046728971963	0.338785046728972	0.392523364485981	0.446261682242991	0.5	0.5	0.5	0.5	0.5	0.5	0.5	0.5	0.5	0.5	0.5		0.483285714285714	0.2105				0.581724137931034
0306a	Mobile phones 	NdFeB	0	0.007009345794393	0.015576323987539	0.027258566978193	0.046728971962617	0.073731684726236	0.108518058061362	0.143304431396489	0.178090804731616	0.212877178066742	0.247663551401869	0.290654205607477	0.333644859813084	0.376635514018692	0.419626168224299	0.462616822429906	0.570093457943925	0.677570093457944	0.785046728971962	0.892523364485981	1	1	1	1	1	1	1	1	1	1	1	0.0038515	0.483285714285714	0.2105	Böni (2015); REMANENCE (2017)	Habib et al. (2014); Böni (2015); Bandara et al. (2014); Buchert et al. (2012); Ciacci et al. (2019)	Habib et al. (2014); Böni (2015)	0.098620689655172
0306b	Smartphones 	NdFeB	1	1	1	1	1	1	1	1	1	1	1	1	1	1	1	1	1	1	1	1	1	1	1	1	1	1	1	1	1	1	1	0.001097	0.2008	0.2245		Manhart et al. (2016); Böni (2015); 	Habib et al. (2014); Böni (2015)	0.098620689655172
0309	Flat screen monitors	NdFeB	0	0.00323599907953	0.007191109065622	0.012584440864838	0.021573327196865	0.034039648050629	0.05009944526918	0.066159242487731	0.082219039706282	0.098278836924834	0.114338634143385	0.134186095164501	0.154033556185616	0.173881017206732	0.193728478227848	0.213575939248964	0.263194591801753	0.312813244354543	0.362431896907333	0.412050549460122	0.461669202012912	0.455834601006456	0.45	0.506043565705476	0.560461455864892	0.613253670478246	0.67	0.664878200646924	0.659593712062862	0.650017184386938	0.638624218163826		3.95	0.1648		Lixandru et al. (2017)	Lixandru et al. (2017)	5.31689655172414
0401	Small consumer electronics	NdFeB	0	0.001078666359843	0.002397036355207	0.004194813621613	0.007191109065622	0.01134654935021	0.016699815089727	0.022053080829244	0.027406346568761	0.032759612308278	0.038112878047795	0.044728698388167	0.051344518728539	0.057960339068911	0.064576159409283	0.071191979749655	0.087731530600585	0.104271081451514	0.120810632302444	0.137350183153374	0.153889734004304	0.151944867002152	0.15	0.222474899582394	0.292994628203708	0.361559185863942	0.431764325491384	0.5	0.49602597244208	0.488824256649168	0.480256547396536	0.000468946	2.09677419354839	0.1770	Nansai et al. (2014)	Ciacci et al. (2019)		0.39
0401b	Headphones, earphones	NdFeB	0	0.002157332719687	0.004794072710414	0.008389627243225	0.014382218131243	0.022693098700419	0.033399630179453	0.044106161658488	0.054812693137522	0.065519224616556	0.07622575609559	0.089457396776334	0.102689037457078	0.115920678137821	0.129152318818565	0.142383959499309	0.175463061201169	0.208542162903029	0.241621264604888	0.274700366306748	0.307779468008608	0.303889734004304	0.3	0.444949799164789	0.585989256407416	0.723118371727884	0.863528650982768	1	0.99205194488416	0.977648513298336	0.960513094793072	0.00559475	0.93	0.1770	REMANENCE (2017)	Hobohm & Kuchta (2015)	Böni (2015)	0.0855
0403	Music instruments, radio, HiFi	NdFeB	0	0.005607476635514	0.012461059190031	0.021806853582555	0.037383177570094	0.058985347780989	0.08681444644909	0.114643545117191	0.142472643785293	0.170301742453394	0.198130841121495	0.232523364485981	0.266915887850467	0.301308411214953	0.335700934579439	0.370093457943925	0.45607476635514	0.542056074766355	0.62803738317757	0.714018691588785	0.8	0.789889555584793	0.779779111169585	0.769668666754378	0.75955822233917	0.749447777923963	0.745546276790237	0.739846965688517	0.733966621227938	0.723310286073664	0.710632698686741	0.008065	1.3274	0.3305	Nansai et al. (2014)	Sekine et al. (2017); REMANENCE (2017); 		3.88206896551724
0404b	Video players	NdFeB	0	0	0	0	0	0	0	0.02	0.05	0.1	0.18	0.3	0.5	0.7	0.83	0.9	0.93	0.96	0.98	0.99	1	1	1	1	1	1	1	1	1	1	1	0.00113384	1.2145	0.3305	Nansai et al. (2014)	Sekine et al. (2017); Habib et al. (2014)	Sekine et al. (2017); Habib et al. (2014)	3.51
0405	Speakers	NdFeB	0	0.001107382516032	0.002460850035628	0.004306487562349	0.007382550106883	0.011648616138866	0.017144396024389	0.022640175909912	0.028135955795435	0.033631735680958	0.039127515566481	0.045919461664813	0.052711407763146	0.059503353861478	0.066295299959811	0.073087246058143	0.090067111303975	0.107046976549806	0.124026841795637	0.141006707041468	0.1579865722873	0.155989929215475	0.15399328614365	0.151996643071825	0.15	0.184855657142524	0.22055378241305	0.255247967432253	0.289310293916405	0.32067689914017	0.35	4.41E-05	47.185	0.2330	Nansai et al. (2014)	Böni (2015); Glöser-Chahoud et al. (2016)	Reimer et al. (2018); Böni (2015)	2.44931034482759
0406	Cameras	NdFeB	0.2	0.219245283018868	0.242767295597484	0.274842767295598	0.328301886792453	0.402442165308714	0.497953732246971	0.593465299185228	0.688976866123485	0.784488433061743	0.85	0.89	0.91	0.93	0.95	0.96	0.97	0.98	0.99	0.995	1	0.987361944480991	0.974723888961981	0.962085833442972	0.949447777923963	0.936809722404953	0.931932845987796	0.924808707110646	0.917458276534922	0.904137857592079	0.888290873358427		0.2008	0.2245				0.544827586206896
0407	CRT TVs		0	0	0	0	0	0	0	0	0	0	0	0	0	0	0	0	0	0	0	0	0	0	0	0	0	0	0	0	0	0	0		0.886350974930362	0.1795		Thiébaud et al. (2018); Lixandru et al. (2017)	Lixandru et al. (2017)	30.2289655172414
0408	Flat screen TVs	NdFeB	0	0.00323599907953	0.007191109065622	0.012584440864838	0.021573327196865	0.034039648050629	0.05009944526918	0.066159242487731	0.082219039706282	0.098278836924834	0.114338634143385	0.134186095164501	0.154033556185616	0.173881017206732	0.193728478227848	0.213575939248964	0.263194591801753	0.312813244354543	0.362431896907333	0.412050549460122	0.461669202012912	0.455834601006456	0.45	0.506043565705476	0.560461455864892	0.613253670478246	0.67	0.664878200646924	0.659593712062862	0.650017184386938	0.638624218163826		11.4801792230787	0.1795		Thiébaud et al. (2018); Lixandru et al. (2017); Hobohm & Kuchta (2015)	Lixandru et al. (2017)	10.4568965517241
0702	Game consoles	NdFeB	1	1	1	1	1	1	1	1	1	1	1	1	1	1	1	1	1	1	1	1	1	1	1	1	1	0.816987084517107	0.751803854131579	0.679973050362136	0.615107442348008	0.533364442370509	0.488548276247862		10	0.3305		Glöser-Chahoud et al. (2016)		0.48
0802b	MRIs	NdFeB	0.99	0.99	0.98	0.961945031712474	0.95	0.93	0.9	0.85	0.786082474226804	0.68	0.5	0.33	0.25	0.217391304347826	0.23	0.24	0.26	0.27	0.280665280665281	0.27	0.26	0.25	0.24	0.229761186309165	0.229761186309165	0.229761186309165	0.229761186309165	0.229761186309165	0.229761186309165	0.229761186309165	0.229761186309165	0.000686891	1620000	0.2290	Nansai et al. (2014)	Schulze & Buchert (2016); Reimer et al. (2018); Habib et al. (2014)	Habib et al. (2014);  Reimer et al. (2018)	16000
1002	Cooled vending machines	NdFeB	0	0.000424528301887	0.000943396226415	0.001650943396226	0.002830188679245	0.004465635999457	0.006572508799566	0.008679381599674	0.010786254399783	0.012893127199891	0.015	0.022693760695958	0.031893241051778	0.042598441067459	0.054809360743001	0.068526000078404	0.094429757920403	0.124097814912054	0.157530171053359	0.194726826344317	0.235687780784928	0.25	0.246800044910164	0.243600089820328	0.240400134730492	0.237200179640656	0.235965354750853	0.234161523107105	0.232300394415441	0.228927664937335	0.224915209241065		112.5	0.2280				92.22
1101	Cars	NdFeB	0	0.002280319708671	0.00506737713038	0.008867909978166	0.015202131391141	0.023986805440427	0.035303703626951	0.046620601813476	0.0579375	0.075795153750889	0.095790464220288	0.121348735746245	0.149548825087195	0.180390732243138	0.213874457214073	0.25	0.325123195034257	0.406672208100143	0.494647039197657	0.5890476883268	0.689874155487571	0.710671708303524	0.730713656474334	0.75	0.7725	0.795675	0.81954525	0.8441316075	0.869455555725	0.89553922239675	0.922405399068653	1.2465E-05	273.433540372671	0.2600	Nansai et al. (2014)	Sekine et al. (2017); Yang et al. (2017); ProSUM D2.4 Peck et al. (2017); Restrepo et al. (2017); Fishman et al. (2018); 	Sekine et al. (2017)	1292.534433283
1102	ECVs	NdFeB	1	1	1	1	1	1	1	1	1	1	1	1	1	1	1	1	1	1	1	1	1	0.995250011187494	0.990459855541672	0.985629533062533	0.980759043750077	0.975848387604304	0.974852154955815	0.972691792945346	0.970392765987175	0.965	0.956849862709794		2000	0.1964		All unique >2009	Walton (2019) – M6 Presentation	
1102a	BEVs	NdFeB	1	1	1	1	1	1	1	1	1	1	1	1	1	1	1	1	1	1	1	1	1	0.990500022374989	0.980919711083344	0.971259066125065	0.961518087500153	0.951696775208608	0.94970430991163	0.945383585890692	0.94078553197435	0.93	0.913699725419587		2000	0.1964				1130.92769096942
1102b	PHEVs	NdFeB	1	1	1	1	1	1	1	1	1	1	1	1	1	1	1	1	1	1	1	1	1	1	1	1	1	1	1	1	1	1	1		2000	0.1964				1800.7483277592
1103	HEVs	NdFeB	1	1	1	1	1	1	1	1	1	1	1	1	1	1	1	1	1	1	1	1	1	1	1	1	1	1	1	1	1	1	1		1315.66666666667	0.2275		Elwert et al. (2017); Reimer et al. (2018); Bauer et al. (2010); Yano et al. (2015)	Reimer et al. (2018); Sekine et al. (2017)	1510.03703703704
1104	Snowmobiles, golf cars and similar vehicles	NdFeB	0	0.001140159854336	0.00253368856519	0.004433954989083	0.007601065695571	0.011993402720213	0.017651851813476	0.023310300906738	0.02896875	0.037897576875445	0.047895232110144	0.060674367873123	0.074774412543598	0.090195366121569	0.106937228607036	0.125	0.162561597517129	0.203336104050072	0.247323519598829	0.2945238441634	0.344937077743786	0.355335854151762	0.365356828237167	0.375	0.38625	0.3978375	0.409772625	0.42206580375	0.4347277778625	0.447769611198375	0.461202699534326	0.0001724		0.2600	Nansai et al. (2014)		Reimer et al. (2018)	3778.8
1105	Trucks	NdFeB	0	0.001710239781503	0.003800532847785	0.006650932483624	0.011401598543356	0.01799010408032	0.026477777720213	0.034965451360107	0.043453125	0.056846365313167	0.071842848165216	0.091011551809684	0.112161618815397	0.135293049182353	0.160405842910555	0.1875	0.243842396275693	0.305004156075107	0.370985279398243	0.4417857662451	0.517405616615678	0.533003781227643	0.54803524235575	0.5625	0.579375	0.59675625	0.6146589375	0.633098705625	0.65209166679375	0.671654416797563	0.691804049301489		39.7826086956522	0.2600		Seo & Morimoto (2014); Widmer et al. (2015)		3475
1106	Buses	NdFeB	0	0.001710239781503	0.003800532847785	0.006650932483624	0.011401598543356	0.01799010408032	0.026477777720213	0.034965451360107	0.043453125	0.056846365313167	0.071842848165216	0.091011551809684	0.112161618815397	0.135293049182353	0.160405842910555	0.1875	0.243842396275693	0.305004156075107	0.370985279398243	0.4417857662451	0.517405616615678	0.533003781227643	0.54803524235575	0.5625	0.579375	0.59675625	0.6146589375	0.633098705625	0.65209166679375	0.671654416797563	0.691804049301489		39.7826086956522	0.2600		Seo & Morimoto (2014); Widmer et al. (2015)		3704.85714285714
1107	Motorhomes	NdFeB	0	0.001140159854336	0.00253368856519	0.004433954989083	0.007601065695571	0.011993402720213	0.017651851813476	0.023310300906738	0.02896875	0.037897576875445	0.047895232110144	0.060674367873123	0.074774412543598	0.090195366121569	0.106937228607036	0.125	0.162561597517129	0.203336104050072	0.247323519598829	0.2945238441634	0.344937077743786	0.355335854151762	0.365356828237167	0.375	0.38625	0.3978375	0.409772625	0.42206580375	0.4347277778625	0.447769611198375	0.461202699534326		39.7826086956522	0.2600		Seo & Morimoto (2014); Widmer et al. (2015)		2349.09983191919
1108	Electric bikes	NdFeB	0	0.004872413793103	0.010827586206897	0.018948275862069	0.03248275862069	0.051253182277905	0.075434269960255	0.099615357642605	0.123796445324955	0.147977533007305	0.172158620689655	0.20204275862069	0.231926896551724	0.261811034482759	0.291695172413793	0.321579310344828	0.396289655172414	0.471	0.576026781984737	0.689354493191075	0.810983133619013	0.838863201709815	0.865767172960032	0.891695047369663	0.916646824938709	0.94062250566717	0.971714572685088	1	1	1	1		266.055900621118	0.2320		Morimoto et al. (2019); Yang et al. (2017); Habib & Wenzel (2014); Schulze & Buchert (2016); Glöser-Chahoud et al. (2016); Reimer et al. (2018); Ciacci et al. (2019)		33.6015424554798
1201	Industrial machines + motors	NdFeB	0	0.000140186915888	0.000311526479751	0.000545171339564	0.000934579439252	0.001474633694525	0.002170361161227	0.00286608862793	0.003561816094632	0.004257543561335	0.004953271028037	0.00581308411215	0.006672897196262	0.007532710280374	0.008392523364486	0.009252336448598	0.011401869158879	0.013551401869159	0.015700934579439	0.01785046728972	0.02	0.01974723888962	0.01949447777924	0.01924171666886	0.018988955558479	0.018736194448099	0.018638656919756	0.018496174142213	0.018349165530699	0.018082757151842	0.017765817467169	9.56555E-05	175	0.2513	Nansai et al. (2014)	Buchert et al. (2014)	Sekine et al. (2017); Reimer et al. (2018)	3467.74237472767
1202	Industrial pumps	NdFeB	0	0.000700934579439	0.001557632398754	0.002725856697819	0.004672897196262	0.007373168472624	0.010851805806136	0.014330443139649	0.017809080473162	0.021287717806674	0.024766355140187	0.029065420560748	0.033364485981309	0.037663551401869	0.04196261682243	0.046261682242991	0.057009345794393	0.067757009345794	0.078504672897196	0.089252336448598	0.1	0.098736194448099	0.097472388896198	0.096208583344297	0.094944777792396	0.093680972240495	0.09319328459878	0.092480870711065	0.091745827653492	0.090413785759208	0.088829087335843	7.42E-05	350	0.2231	Nansai et al. (2014)	Grundfos (1-2-2020)	Walton (2019) – M6 presentation	9.28374937726635
1203	Lifting and conveying machines	NdFeB	0	0.00035046728972	0.000778816199377	0.00136292834891	0.002336448598131	0.003686584236312	0.005425902903068	0.007165221569824	0.008904540236581	0.010643858903337	0.012383177570094	0.014532710280374	0.016682242990654	0.018831775700935	0.020981308411215	0.023130841121495	0.028504672897196	0.033878504672897	0.039252336448598	0.044626168224299	0.05	0.04936809722405	0.048736194448099	0.048104291672149	0.047472388896198	0.046840486120248	0.04659664229939	0.046240435355532	0.045872913826746	0.045206892879604	0.044414543667921	0.000187353333333		0.2513	Nansai et al. (2014)			134.616798776248
1204	Shaping machines	NdFeB	0	0	0	0	0	0	0	0	0	0	0	0	0	0	0	0	0	0	0	0	0	0	0	0	0	0	0	0	0	0	0	0.000421093333333		0.2513	Nansai et al. (2014)			657.678270634475
1205a	Wind turbines, onshore, LS	NdFeB	0	0	0	0	0	0	0	0	0	0	0	0	0.005050505050505	0	0	0	0	0	0	0.010320597277119	0.00219587176109	0.01405357927097	0.01624945103206	0.046259698433611	0.080588493631972	0.067193675889328	0.057092665788318	0.10320597277119	0.068218416044503	0.075033548040794	0.081848680037086		625	0.2940			Fishman & Graedel (2019); Reimer et al. (2018); Viebahn et al. (2015); Walton (2019) – M6 presentation	38.224
1205a	Wind turbines, onshore, HS	NdFeB	0	0	0	0	0	0	0.003440199092373	0	0	0	0.021153564631825	0	0	0	0	0	0.015371102327624	0.006660811008637	0.015444298052993	0.021592738984043	0.081613233787146	0.040806616893574	0.157004830917875	0.129922412531108	0.203118137900747	0.212999560825648	0.292050944224857	0.245205679988289	0.232396428048602	0.238030059044552	0.243663690040502		134	0.2940		Schulze & Buchert (2016); Viebahn et al. (2015); Goodenogh et al. (2017); Barteková (2015); Reimer et al. (2018)	Fishman & Graedel (2019); Reimer et al. (2018); Viebahn et al. (2015); Walton (2019) – M6 presentation	38.224
1205b	Wind turbines, offshore, LS	NdFeB	0	0	0	0	0	0	0	0	0	0	0	0	0	0	0	0	0	0	0	0	0	0	0	0.009157509157509	0.115384615384615	0.064102564102564	0.395604395604396	0.470695970695971	0.7	0.69	0.68		625	0.2940			Fishman & Graedel (2019); Reimer et al. (2018); Viebahn et al. (2015); Walton (2019) – M6 presentation	38.224
1205b	Wind turbines, offshore, HS	NdFeB	0	0	0	0	0	0	0	0	0	0	0	0	0	0	0	0	0	0.064102564102564	0.045787545787546	0.073260073260073	0	0	0	0.067765567765568	0.130952380952387	0.414835164835165	0	0.344322344322344	0.3	0.285	0.27		134	0.2940		Schulze & Buchert (2016); Viebahn et al. (2015); Goodenogh et al. (2017); Barteková (2015); Reimer et al. (2018)	Fishman & Graedel (2019); Reimer et al. (2018); Viebahn et al. (2015); Walton (2019) – M6 presentation	38.224
1206	Industrial robots	NdFeB	0	0.006308411214953	0.014018691588785	0.024532710280374	0.042056074766355	0.066358516253612	0.097666252255226	0.12897398825684	0.160281724258454	0.191589460260068	0.222897196261682	0.261588785046729	0.300280373831776	0.338971962616822	0.377663551401869	0.416355140186916	0.513084112149533	0.609813084112149	0.706542056074766	0.803271028037383	0.9	0.888625750032892	0.877251500065783	0.865877250098675	0.854503000131566	0.843128750164458	0.838739561389016	0.832327836399582	0.82571244888143	0.813724071832871	0.799461786022584		1990	0.2700		Sekine et al. (2017)	Sekine et al. (2017)	30.8074534161491
1101	Catalytic converter	NdO	0.9	0.88	0.85	0.75	0.65	0.55	0.45	0.35	0.25	0.15	0.05	0	0	0	0	0	0	0	0	0	0	0	0	0	0	0	0	0	0	0	0		1.1141	0.0157		Belcastro (2012)	Thermo Fischer Scientific (2012)	
1301	Fluid catalytic cracking	NdO	0.18608326733268	0.187607257598705	0.183602232852573	0.183420802033951	0.186729080092979	0.190647865730153	0.170749690219473	0.155760336092928	0.141539073040605	0.139603826035417	0.12526540227844	0.113823977724539	0.104025782685162	0.089594674661471	0.076182698106937	0.064942223318347	0.052900110714816	0.040266780456929	0.026800323885785	0.014245148920309	0	0	0	0	0	0	0	0	0	0	0	0.00194655725	1	0.0035	Nansai et al. (2014)		Topete (2014); Hsu & Robinson (2019)	
0201	Other small household: wrist-watches	NiMH	0	0	0	0	0	0	0	0	0	0	0	0	0	0	0	0	0	0	0	0	0	0	0	0	0	0	0	0	0	0	0		0.5	0.0109				1.1
0204	Vacuum cleaners	NiMH	0	0.000197242074355	0.000788968297418	0.001775178669191	0.003155873189673	0.004931051858864	0.006697807685182	0.008471790784227	0.010260228428727	0.011933029709591	0.013413407311364	0.0143895	0.015177272727273	0.015972272727273	0.016593818181818	0.017044875163636	0.017149208257746	0.017124542362255	0.016970877477164	0.016688213602473	0.016276550738182	0.015372157165527	0.0143041234872	0.0130724497032	0.011677135813527	0.010118181818182	0.009104246847682	0.007981184012318	0.006880363636364	0.005868545454545	0.00477		490.5	0.0109		Sommer et al. (2015)		3.27
0205	Personal care	NiMH	0	0.0136456781	0.0272913562	0.0409370343	0.0545827124	0.0682283905	0.0772283905	0.0837283905	0.0887283905	0.0917283905	0.0927971575	0.0905	0.0875	0.085	0.082	0.07861368	0.0741514508	0.0696892216	0.0652269924	0.0607647632	0.056302534	0.0506420272	0.0449815204	0.0393210136	0.0336605068	0.028	0.02422513675	0.0204502735	0.017	0.014	0.011			0.0109				1.89
0205b	Shavers	NiMH	0	0.0136456781	0.0272913562	0.0409370343	0.0545827124	0.0682283905	0.0772283905	0.0837283905	0.0887283905	0.0917283905	0.0927971575	0.0905	0.0875	0.085	0.082	0.07861368	0.0741514508	0.0696892216	0.0652269924	0.0607647632	0.056302534	0.0506420272	0.0449815204	0.0393210136	0.0336605068	0.028	0.02422513675	0.0204502735	0.017	0.014	0.011		78	0.0109		Sommer et al. (2015)		0.312
0205c	Toothbrushes	NiMH	0	0.0136456781	0.0272913562	0.0409370343	0.0545827124	0.0682283905	0.0772283905	0.0837283905	0.0887283905	0.0917283905	0.0927971575	0.0905	0.0875	0.085	0.082	0.07861368	0.0741514508	0.0696892216	0.0652269924	0.0607647632	0.056302534	0.0506420272	0.0449815204	0.0393210136	0.0336605068	0.028	0.02422513675	0.0204502735	0.017	0.014	0.011		137.5	0.0109		Sommer et al. (2015)		0.55
0305	Telecom	NiMH	0	0.0136456781	0.0272913562	0.0409370343	0.0545827124	0.0682283905	0.0772283905	0.0837283905	0.0887283905	0.0917283905	0.0927971575	0.0905	0.0875	0.085	0.082	0.07861368	0.0741514508	0.0696892216	0.0652269924	0.0607647632	0.056302534	0.0506420272	0.0449815204	0.0393210136	0.0336605068	0.028	0.02422513675	0.0204502735	0.017	0.014	0.011		104.710344827586	0.0109		Sommer et al. (2015)		0.581724137931034
0406	Cameras	NiMH	0	0.0545827124	0.1091654248	0.1637481372	0.2183308496	0.272913562	0.308913562	0.334913562	0.354913562	0.366913562	0.37118863	0.362	0.35	0.34	0.328	0.31445472	0.2966058032	0.2787568864	0.2609079696	0.2430590528	0.225210136	0.2025681088	0.1799260816	0.1572840544	0.1346420272	0.112	0.096900547	0.081801094	0.068	0.056	0.044		62	0.0109				0.544827586206896
0601	Power tools	NiMH	0	0.00053491058152	0.00213964232608	0.00481419523368	0.00855856930432	0.013372764538	0.0181641174456	0.0229750703532	0.0278252232608	0.0323617761684	0.03637648574	0.0390236	0.04116	0.043316	0.0450016	0.04622484384	0.04650778994176	0.04644089727424	0.04602416583744	0.04525759563136	0.044141186656	0.04168851679104	0.03879206319296	0.03545182586176	0.03166780479744	0.02744	0.0246902593756	0.0216445694724	0.0186592	0.0159152	0.012936	9.56555E-05	597.758620689655	0.0109		Pillot (2017); Sommer et al. (2015)		2.52758620689655
0602	Tools (professional)	NiMH	0	0.00026745529076	0.00106982116304	0.00240709761684	0.00427928465216	0.006686382269	0.0090820587228	0.0114875351766	0.0139126116304	0.0161808880842	0.01818824287	0.0195118	0.02058	0.021658	0.0225008	0.02311242192	0.02325389497088	0.02322044863712	0.02301208291872	0.02262879781568	0.022070593328	0.02084425839552	0.01939603159648	0.01772591293088	0.01583390239872	0.01372	0.0123451296878	0.0108222847362	0.0093296	0.0079576	0.006468	9.56555E-05	597.758620689655	0.0109				23.17
0701	Toys	NiMH	0	0.0272913562	0.0545827124	0.0818740686	0.1091654248	0.136456781	0.154456781	0.167456781	0.177456781	0.183456781	0.185594315	0.181	0.175	0.17	0.164	0.15722736	0.1483029016	0.1393784432	0.1304539848	0.1215295264	0.112605068	0.1012840544	0.0899630408	0.0786420272	0.0673210136	0.056	0.0484502735	0.040900547	0.034	0.028	0.022		93	0.0109				0.45
1103	HEVs	NiMH	1	1	1	1	1	1	1	1	1	1	1	1	1	1	1	1	1	1	1	1	1	0.933333333333333	0.866666666666667	0.8	0.725	0.65	0.515	0.38	0.286666666666667	0.193333333333333	0.1	0.000201986754967	38466.6666666667	0.0109	Fishman et al. (2018); Balomenos (2017); Moss et al. (2013); Bauer et al. (2010); Yano et al. (2015)	Fishman et al. (2018); Davies (2006); Yano et al. (2015)		1510.03703703704
1302	NiMH batteries	NiMH	0	0.0272913562	0.0545827124	0.0818740686	0.1091654248	0.136456781	0.154456781	0.167456781	0.177456781	0.183456781	0.185594315	0.181	0.175	0.17	0.164	0.15722736	0.1483029016	0.1393784432	0.1304539848	0.1215295264	0.112605068	0.1012840544	0.0899630408	0.0786420272	0.0673210136	0.056	0.0484502735	0.040900547	0.034	0.028	0.022			0.0109				0.057252189466275
